id,rain_sum (mm)
0,0.19
1,0.16199999999999995
2,0.025
3,0.039
4,0.012000000000000002
5,0.5329999999999999
6,1.1100000000000003
7,0.772
8,0.11799999999999997
9,0.0
10,0.09899999999999999
11,0.144
12,0.011000000000000001
13,0.0030000000000000005
14,0.008
15,0.009
16,0.13699999999999998
17,1.1089999999999998
18,1.0269999999999997
19,0.33799999999999997
20,0.020000000000000004
21,0.045
22,0.011000000000000001
23,0.0
24,0.009
25,0.22499999999999998
26,0.15299999999999997
27,0.22999999999999995
28,0.068
29,0.0
30,0.024000000000000004
31,0.04200000000000001
32,0.012
33,0.022000000000000002
34,0.7990000000000002
35,0.23399999999999999
36,0.49900000000000033
37,0.258
38,0.016
39,0.10899999999999999
40,1.4739999999999993
41,8.982000000000005
42,7.618
43,8.664
44,0.02900000000000001
45,0.12299999999999997
46,0.042
47,0.012999999999999998
48,0.019
49,0.23199999999999998
50,1.7280000000000002
51,0.42900000000000027
52,4.127000000000001
53,2.9170000000000003
54,0.9379999999999998
55,1.4439999999999997
56,0.23800000000000004
57,0.020000000000000004
58,0.016
59,0.05099999999999999
60,0.553
61,2.484999999999999
62,1.4169999999999996
63,5.552000000000001
64,1.2589999999999995
65,2.8279999999999994
66,0.5119999999999998
67,0.015
68,0.046
69,0.04000000000000001
70,1.5959999999999992
71,0.064
72,0.05799999999999999
73,0.04999999999999999
74,0.071
75,1.0150000000000001
76,2.4890000000000008
77,6.986000000000002
78,3.7310000000000008
79,0.9260000000000006
80,3.4970000000000003
81,3.152999999999998
82,3.488000000000001
83,0.7870000000000001
84,8.709
85,3.6890000000000014
86,6.972000000000005
87,6.647000000000002
88,11.080000000000002
89,10.517999999999999
90,6.240999999999998
91,3.704000000000001
92,4.430000000000003
93,18.509000000000004
94,7.924999999999998
95,6.244
96,4.848999999999999
97,7.159000000000001
98,7.795999999999996
99,22.34900000000001
100,18.337999999999994
101,13.494999999999996
102,18.195999999999994
103,29.281999999999996
104,17.651
105,7.253999999999999
106,6.114000000000002
107,7.632
108,36.14699999999999
109,7.672999999999998
110,4.745000000000002
111,10.297000000000002
112,13.898
113,11.694999999999999
114,9.513
115,16.767
116,19.36399999999999
117,3.9279999999999995
118,6.0089999999999995
119,9.371
120,14.005000000000003
121,7.644000000000001
122,17.22899999999999
123,13.961999999999989
124,13.490999999999993
125,4.882000000000001
126,5.227
127,9.962000000000003
128,11.843000000000002
129,12.489
130,7.947
131,11.024000000000001
132,9.466999999999997
133,17.429000000000006
134,21.119999999999994
135,10.473999999999998
136,12.275
137,6.978000000000003
138,20.795
139,22.041000000000007
140,1.6129999999999995
141,1.9150000000000003
142,3.711000000000002
143,4.271
144,2.6800000000000015
145,13.75700000000001
146,5.553000000000001
147,6.779000000000002
148,11.359000000000004
149,16.127
150,13.194
151,10.571000000000002
152,8.105
153,3.6409999999999996
154,4.795999999999999
155,2.6050000000000013
156,3.4290000000000003
157,2.27
158,7.739999999999998
159,6.054000000000002
160,16.065999999999995
161,19.97999999999999
162,10.138000000000002
163,6.821000000000002
164,4.988
165,10.335000000000004
166,10.412
167,16.85699999999999
168,11.327999999999998
169,37.11999999999998
170,3.37
171,4.786999999999997
172,3.227999999999997
173,2.5119999999999996
174,4.082999999999998
175,6.111999999999998
176,5.511
177,4.827999999999998
178,5.189999999999999
179,7.413
180,8.426000000000002
181,8.863
182,10.793000000000005
183,12.023
184,5.361999999999998
185,12.748000000000005
186,11.642999999999999
187,21.89
188,9.855
189,12.557
190,14.849999999999993
191,14.363
192,20.80599999999999
193,10.549000000000003
194,9.796
195,11.447000000000005
196,12.155
197,14.604999999999995
198,19.927000000000003
199,3.546
200,10.087
201,6.784
202,3.717999999999999
203,3.3360000000000007
204,2.9570000000000003
205,3.2520000000000007
206,10.760000000000002
207,9.672
208,10.668000000000001
209,10.471000000000002
210,8.647
211,7.549999999999998
212,10.721999999999998
213,10.675999999999997
214,12.329999999999998
215,13.074999999999996
216,19.313999999999993
217,22.687999999999988
218,14.979999999999997
219,14.747
220,11.372000000000003
221,4.358999999999998
222,7.870000000000001
223,8.900999999999998
224,9.741000000000001
225,1.3890000000000002
226,2.7550000000000012
227,10.006000000000002
228,10.787000000000003
229,16.955000000000002
230,15.931
231,9.798
232,5.251999999999999
233,6.487999999999997
234,7.268000000000001
235,6.898000000000001
236,4.228000000000001
237,4.915000000000003
238,4.612999999999999
239,4.199000000000001
240,6.802
241,6.384000000000003
242,6.754
243,7.604999999999997
244,4.201999999999999
245,2.7949999999999995
246,3.441999999999999
247,3.2289999999999996
248,1.8590000000000009
249,3.1900000000000013
250,0.6840000000000004
251,1.1850000000000012
252,1.160000000000001
253,0.4830000000000002
254,0.30999999999999994
255,0.6400000000000001
256,3.3280000000000007
257,8.216000000000001
258,18.860999999999997
259,14.494000000000003
260,10.152000000000001
261,3.312999999999999
262,3.8740000000000006
263,7.691999999999999
264,1.8470000000000004
265,7.120999999999996
266,6.706999999999999
267,7.2899999999999965
268,5.596999999999998
269,8.434
270,8.611
271,0.9120000000000005
272,0.7330000000000002
273,0.7610000000000003
274,0.9320000000000006
275,2.8570000000000015
276,2.2710000000000004
277,6.433000000000001
278,20.515999999999995
279,11.161
280,9.703000000000001
281,9.655000000000003
282,4.369000000000001
283,8.291999999999994
284,4.781000000000001
285,4.2929999999999975
286,6.876999999999997
287,10.371999999999993
288,11.182
289,12.858000000000004
290,10.025000000000002
291,1.8289999999999993
292,0.878
293,4.001999999999999
294,6.9110000000000005
295,20.052999999999997
296,9.18
297,7.9990000000000006
298,5.380999999999998
299,3.926
300,7.1880000000000015
301,8.609000000000002
302,2.7949999999999973
303,1.155
304,2.4419999999999997
305,8.054
306,6.7349999999999985
307,3.636999999999999
308,5.9030000000000005
309,1.2530000000000003
310,5.354999999999998
311,4.934999999999999
312,7.183000000000001
313,8.836000000000004
314,7.311000000000002
315,6.831000000000001
316,8.405000000000001
317,4.331999999999997
318,0.8750000000000003
319,4.112
320,2.3369999999999997
321,0.7220000000000002
322,0.081
323,0.6600000000000005
324,0.42200000000000004
325,0.8680000000000001
326,3.600000000000002
327,1.057
328,0.545
329,1.0440000000000005
330,0.5880000000000001
331,0.5850000000000003
332,1.4529999999999996
333,4.596
334,3.8879999999999995
335,10.540999999999995
336,13.550999999999998
337,1.445999999999999
338,0.838
339,0.3760000000000001
340,0.061999999999999986
341,1.1569999999999998
342,0.6610000000000003
343,2.727
344,4.802
345,1.046
346,1.6679999999999984
347,1.463
348,0.10099999999999998
349,0.16699999999999995
350,0.036000000000000004
351,0.3179999999999999
352,0.6180000000000004
353,0.9140000000000001
354,0.21499999999999989
355,0.022000000000000002
356,0.005
357,0.26099999999999995
358,0.051000000000000004
359,0.063
360,0.015
361,0.08000000000000002
362,0.08899999999999998
363,3.3240000000000003
364,0.28099999999999997
365,0.2599999999999999
366,0.0020000000000000005
367,0.02900000000000001
368,1.0210000000000006
369,0.10799999999999998
370,0.6980000000000003
371,0.5410000000000004
372,0.9859999999999997
373,2.4540000000000006
374,2.9890000000000017
375,4.3919999999999995
376,1.9709999999999996
377,0.9900000000000001
378,0.14
379,0.036000000000000004
380,0.16499999999999995
381,0.056999999999999995
382,0.15499999999999997
383,0.014000000000000002
384,0.16699999999999998
385,0.044
386,0.009999999999999998
387,0.065
388,1.0230000000000004
389,0.7810000000000005
390,0.08
391,0.10699999999999997
392,0.423
393,0.2049999999999999
394,0.17099999999999985
395,0.2309999999999999
396,0.8990000000000002
397,2.091999999999999
398,1.0090000000000006
399,0.8810000000000003
400,0.7480000000000004
401,2.1719999999999997
402,1.533999999999999
403,1.111
404,0.25299999999999995
405,0.8460000000000004
406,0.25799999999999995
407,0.12499999999999992
408,0.41600000000000015
409,0.12699999999999997
410,0.019000000000000003
411,0.17999999999999994
412,0.16400000000000006
413,0.7050000000000002
414,0.23699999999999988
415,0.44100000000000017
416,0.23300000000000004
417,0.16399999999999992
418,0.268
419,0.039000000000000014
420,0.27
421,0.296
422,7.9120000000000035
423,6.244000000000003
424,2.6220000000000003
425,8.117
426,5.710999999999999
427,8.488000000000001
428,7.117000000000002
429,1.459
430,7.050000000000001
431,2.2740000000000005
432,4.394
433,4.593
434,2.112999999999999
435,2.0579999999999994
436,5.051000000000001
437,0.538
438,5.5870000000000015
439,9.895000000000001
440,17.042999999999996
441,10.537
442,19.006000000000007
443,4.115999999999999
444,5.604999999999998
445,13.423
446,18.124000000000002
447,19.767999999999994
448,5.101
449,1.4939999999999998
450,2.4289999999999976
451,1.095
452,1.1200000000000008
453,1.9830000000000003
454,2.2729999999999997
455,2.1
456,4.8320000000000025
457,5.916000000000001
458,8.312999999999997
459,6.758999999999998
460,4.686999999999999
461,15.564999999999996
462,4.563999999999999
463,6.638999999999998
464,14.045000000000002
465,17.249999999999996
466,11.628999999999996
467,9.526000000000003
468,15.51999999999999
469,3.5889999999999986
470,10.258999999999993
471,9.320999999999998
472,3.313
473,2.0279999999999996
474,2.683000000000001
475,9.801999999999998
476,10.756999999999998
477,16.801000000000005
478,12.630999999999998
479,14.529999999999994
480,11.244999999999996
481,10.285000000000002
482,14.360000000000003
483,6.6579999999999995
484,7.285999999999998
485,6.3020000000000005
486,6.186000000000002
487,11.243000000000002
488,3.8859999999999992
489,6.6629999999999985
490,1.584000000000001
491,1.2940000000000003
492,1.574
493,2.017000000000001
494,2.955000000000002
495,2.999000000000001
496,7.426000000000001
497,5.7869999999999955
498,15.242000000000003
499,7.9910000000000005
500,1.8060000000000003
501,7.513000000000004
502,5.595
503,4.951000000000002
504,6.504000000000002
505,3.5399999999999996
506,2.992999999999999
507,3.5259999999999985
508,0.8630000000000002
509,0.585
510,7.186999999999999
511,3.961999999999998
512,9.379000000000007
513,0.29700000000000015
514,0.12499999999999993
515,4.792999999999999
516,2.094000000000001
517,2.4349999999999987
518,0.6440000000000003
519,1.2510000000000001
520,2.5400000000000005
521,2.3249999999999993
522,3.0709999999999993
523,3.9749999999999988
524,0.592
525,0.067
526,0.04500000000000001
527,0.17099999999999993
528,0.003
529,0.006999999999999999
530,0.8120000000000002
531,3.071999999999999
532,2.68
533,2.138
534,0.015
535,0.005
536,0.018000000000000002
537,0.042
538,0.31000000000000005
539,3.049
540,0.556
541,3.487000000000001
542,0.754
543,2.2800000000000002
544,3.651999999999999
545,11.027000000000005
546,12.053999999999998
547,13.354000000000006
548,8.514000000000001
549,4.920000000000001
550,1.1780000000000002
551,1.9089999999999996
552,2.1639999999999997
553,0.6860000000000003
554,3.645999999999998
555,3.3289999999999993
556,7.991000000000002
557,5.26
558,1.7479999999999996
559,1.5879999999999999
560,0.048
561,0.9230000000000002
562,0.6050000000000002
563,0.8300000000000003
564,0.17499999999999996
565,0.42000000000000015
566,0.6249999999999999
567,3.455999999999999
568,0.4470000000000001
569,0.068
570,0.025
571,0.08499999999999998
572,0.147
573,0.11499999999999996
574,0.03900000000000001
575,0.025000000000000005
576,0.053
577,0.09
578,0.49800000000000005
579,3.1999999999999993
580,7.784999999999994
581,6.623000000000002
582,15.190000000000003
583,3.883
584,4.581000000000001
585,4.551999999999998
586,1.5780000000000003
587,0.418
588,0.569
589,3.0839999999999987
590,14.288000000000002
591,13.372999999999998
592,11.694
593,11.931
594,16.598
595,20.939999999999994
596,15.219999999999997
597,6.146
598,16.978999999999996
599,22.164
600,17.878000000000004
601,2.9980000000000007
602,7.018000000000002
603,19.328999999999997
604,20.569000000000006
605,28.375
606,13.571
607,12.689000000000004
608,23.122000000000003
609,23.673999999999992
610,22.10600000000001
611,17.607999999999997
612,12.821000000000003
613,8.963
614,21.221999999999994
615,15.753
616,8.236
617,17.185000000000002
618,17.39
619,8.773000000000005
620,15.560000000000004
621,18.315
622,41.72099999999998
623,12.177999999999997
624,13.432
625,21.069000000000006
626,9.601999999999999
627,14.425000000000002
628,13.346000000000013
629,21.479999999999997
630,3.629000000000001
631,5.979999999999995
632,3.4370000000000003
633,9.522
634,5.095999999999999
635,6.892
636,15.462000000000003
637,18.325999999999993
638,30.937
639,24.17899999999999
640,10.209000000000001
641,5.904999999999998
642,12.054999999999998
643,24.132999999999996
644,12.692000000000007
645,11.118000000000002
646,3.7189999999999994
647,10.287000000000003
648,2.8860000000000015
649,4.183999999999998
650,9.484000000000007
651,13.163
652,14.478000000000002
653,9.329
654,14.359000000000002
655,21.945000000000004
656,14.161000000000008
657,10.863999999999999
658,12.603
659,3.869
660,3.6749999999999994
661,2.152
662,6.067999999999999
663,14.702000000000004
664,24.324000000000016
665,13.772000000000002
666,9.033999999999997
667,1.1969999999999998
668,14.580000000000005
669,11.619000000000002
670,13.104000000000001
671,21.618000000000006
672,18.979000000000003
673,19.936
674,4.990999999999999
675,4.675
676,3.7470000000000003
677,1.949
678,4.901
679,10.204
680,5.771999999999996
681,3.239
682,6.2829999999999995
683,9.544999999999998
684,1.8129999999999997
685,7.913000000000002
686,13.100000000000005
687,3.5029999999999997
688,4.93
689,14.151
690,16.10499999999999
691,14.890999999999998
692,15.540999999999991
693,16.038999999999998
694,15.569000000000006
695,14.826000000000004
696,12.773000000000009
697,15.17
698,24.566000000000003
699,8.920000000000002
700,14.923
701,10.578
702,10.014999999999993
703,14.393000000000004
704,8.626
705,12.677999999999999
706,9.364000000000003
707,5.819999999999997
708,4.277
709,8.889
710,25.080000000000005
711,9.264000000000003
712,8.473000000000006
713,8.063999999999998
714,10.126000000000005
715,9.391000000000002
716,7.4460000000000015
717,7.600999999999999
718,13.03799999999999
719,16.306
720,14.478
721,15.999000000000002
722,14.680999999999997
723,7.966999999999998
724,15.086000000000007
725,15.323
726,23.017
727,9.623000000000001
728,6.669000000000002
729,13.735000000000005
730,16.919
731,9.092000000000004
732,20.595
733,10.520000000000008
734,3.3560000000000008
735,4.653000000000001
736,17.332000000000004
737,9.735999999999999
738,14.008000000000003
739,10.205000000000007
740,9.777000000000005
741,6.277999999999996
742,4.424000000000001
743,13.955000000000002
744,12.152000000000005
745,9.637000000000002
746,3.9160000000000004
747,2.1029999999999998
748,6.586
749,3.3739999999999997
750,3.2030000000000007
751,4.372999999999999
752,4.482
753,1.3129999999999997
754,2.3779999999999997
755,4.339999999999998
756,3.635000000000001
757,5.122000000000001
758,13.162999999999997
759,12.945
760,18.767
761,21.212000000000003
762,18.851999999999997
763,9.902000000000008
764,9.797000000000002
765,10.09
766,9.1
767,6.334999999999999
768,1.4810000000000003
769,0.309
770,13.337000000000005
771,1.0820000000000005
772,2.659
773,9.326
774,10.304999999999998
775,13.521999999999997
776,4.891
777,7.876000000000001
778,9.548000000000002
779,11.492999999999997
780,21.74899999999999
781,15.918000000000001
782,17.956999999999987
783,13.207999999999997
784,12.055000000000001
785,7.0589999999999975
786,1.056
787,2.9220000000000006
788,15.126999999999999
789,15.602000000000002
790,20.991
791,13.858000000000004
792,7.062
793,0.24099999999999994
794,0.26100000000000007
795,3.3790000000000004
796,15.718000000000004
797,11.393999999999995
798,6.267000000000001
799,6.835999999999999
800,0.899
801,1.0740000000000003
802,10.066000000000003
803,1.406
804,5.854000000000001
805,6.573
806,12.173999999999994
807,9.494000000000005
808,5.087999999999999
809,4.563
810,8.638000000000003
811,11.343999999999996
812,7.610999999999998
813,15.226999999999993
814,7.610000000000001
815,9.697000000000001
816,6.986000000000001
817,16.605
818,3.0680000000000005
819,1.2579999999999996
820,4.147999999999999
821,3.9690000000000003
822,0.5860000000000002
823,0.8420000000000004
824,3.0810000000000004
825,3.971
826,5.936999999999999
827,6.210999999999999
828,1.033
829,0.11100000000000002
830,0.053000000000000005
831,1.3319999999999999
832,3.5320000000000005
833,6.544
834,8.708000000000004
835,3.691999999999999
836,6.227
837,3.649999999999998
838,0.047
839,0.009000000000000001
840,0.055999999999999994
841,1.9359999999999993
842,8.036999999999999
843,1.7800000000000002
844,4.594
845,0.5500000000000002
846,3.1499999999999995
847,1.2209999999999999
848,2.132000000000001
849,0.4520000000000002
850,0.34400000000000014
851,0.08099999999999997
852,0.048999999999999995
853,0.18600000000000003
854,0.036
855,0.033
856,0.08399999999999996
857,0.05800000000000001
858,0.259
859,0.062
860,0.16399999999999995
861,0.185
862,0.10399999999999998
863,0.6849999999999996
864,6.604
865,1.7619999999999993
866,0.041999999999999996
867,0.019
868,0.05700000000000001
869,2.467
870,0.11799999999999997
871,0.5980000000000001
872,5.820000000000001
873,3.932
874,7.262999999999996
875,10.953000000000005
876,10.955999999999996
877,10.755
878,2.454
879,2.26
880,2.23
881,0.985
882,0.022000000000000002
883,1.193
884,0.10100000000000003
885,0.1900000000000001
886,0.13699999999999993
887,1.6550000000000002
888,3.2760000000000002
889,4.35
890,1.3409999999999997
891,1.252
892,1.869
893,3.386000000000001
894,2.596999999999998
895,0.277
896,1.2979999999999998
897,2.829
898,5.484000000000002
899,4.319000000000003
900,6.56
901,3.915000000000002
902,7.6590000000000025
903,5.518000000000002
904,3.5489999999999986
905,1.622
906,1.8639999999999994
907,1.4549999999999996
908,1.025
909,2.5460000000000003
910,0.3119999999999999
911,0.19999999999999993
912,0.5110000000000001
913,0.5329999999999998
914,3.520000000000002
915,3.4320000000000017
916,4.353
917,3.5800000000000005
918,1.214
919,0.8260000000000001
920,0.04999999999999999
921,1.6459999999999997
922,0.7059999999999998
923,10.226
924,11.013000000000002
925,9.823
926,8.067000000000002
927,6.376000000000001
928,7.850999999999998
929,8.950999999999999
930,6.312999999999999
931,13.449000000000002
932,8.308000000000002
933,9.650999999999996
934,5.813
935,6.700000000000002
936,3.1930000000000005
937,8.707000000000004
938,8.309000000000003
939,5.322
940,8.622000000000002
941,25.667999999999996
942,23.137000000000004
943,10.903999999999998
944,8.424000000000003
945,9.71
946,9.638000000000003
947,11.522999999999998
948,8.827000000000002
949,15.144000000000007
950,1.9279999999999993
951,0.5160000000000003
952,1.1370000000000002
953,2.329
954,1.5080000000000007
955,4.601999999999999
956,4.933000000000002
957,10.608999999999998
958,9.548000000000002
959,11.834000000000003
960,14.440999999999999
961,8.508000000000004
962,13.018999999999995
963,9.327000000000002
964,9.331
965,15.437999999999997
966,14.50799999999999
967,23.159000000000002
968,21.143999999999995
969,14.274999999999999
970,13.257
971,11.116000000000001
972,4.869000000000001
973,11.337
974,9.221999999999998
975,22.278000000000002
976,10.175
977,15.508000000000012
978,13.854000000000003
979,12.700999999999995
980,12.621000000000006
981,8.010000000000002
982,1.1519999999999997
983,3.188999999999999
984,6.366999999999999
985,8.850000000000003
986,10.712000000000005
987,7.953999999999999
988,3.6929999999999996
989,5.438999999999998
990,1.4550000000000003
991,2.316
992,7.217000000000002
993,6.118999999999996
994,10.268000000000002
995,18.173999999999996
996,12.821000000000003
997,13.974000000000006
998,20.857000000000003
999,4.6
1000,1.136
1001,0.4780000000000001
1002,4.196999999999999
1003,11.093999999999996
1004,6.836999999999997
1005,6.126999999999999
1006,4.234
1007,1.0300000000000002
1008,0.11599999999999998
1009,3.1289999999999987
1010,0.21799999999999994
1011,0.10499999999999998
1012,0.05599999999999999
1013,0.15900000000000009
1014,4.074000000000001
1015,1.4449999999999996
1016,0.738
1017,0.011000000000000001
1018,0.6030000000000002
1019,4.3039999999999985
1020,0.5390000000000001
1021,5.012
1022,4.9830000000000005
1023,0.19
1024,0.166
1025,0.217
1026,0.12099999999999998
1027,0.006999999999999999
1028,0.026000000000000002
1029,1.5760000000000003
1030,2.8959999999999995
1031,2.315999999999999
1032,0.5190000000000002
1033,0.009000000000000001
1034,0.001
1035,0.08299999999999999
1036,0.47900000000000026
1037,3.722
1038,1.037999999999999
1039,0.14799999999999996
1040,4.7059999999999995
1041,0.49200000000000005
1042,3.1730000000000005
1043,5.386
1044,14.435000000000002
1045,16.987999999999996
1046,17.303000000000004
1047,4.867000000000001
1048,4.997000000000001
1049,3.901
1050,2.325999999999999
1051,1.3979999999999995
1052,0.5130000000000002
1053,3.802999999999999
1054,6.416999999999998
1055,2.157999999999999
1056,6.5809999999999995
1057,10.192000000000002
1058,4.324999999999998
1059,0.6210000000000001
1060,0.11500000000000003
1061,0.431
1062,0.3789999999999999
1063,1.408
1064,1.1760000000000002
1065,0.9530000000000003
1066,1.8869999999999996
1067,0.5109999999999999
1068,0.6600000000000005
1069,0.38100000000000006
1070,0.011000000000000001
1071,0.47100000000000003
1072,0.8230000000000004
1073,0.21899999999999994
1074,0.071
1075,0.1
1076,0.084
1077,0.11599999999999998
1078,0.26
1079,0.9159999999999999
1080,2.6150000000000007
1081,2.375999999999999
1082,6.4719999999999995
1083,4.505000000000002
1084,3.681000000000001
1085,3.253
1086,0.5930000000000001
1087,0.25999999999999995
1088,0.6260000000000001
1089,6.820999999999999
1090,8.079
1091,6.401999999999999
1092,17.209999999999994
1093,11.946999999999994
1094,12.873999999999997
1095,13.551999999999996
1096,8.800999999999997
1097,4.518
1098,17.045000000000005
1099,13.585999999999991
1100,14.613000000000001
1101,8.013999999999998
1102,7.947999999999999
1103,7.091
1104,19.042
1105,26.36300000000001
1106,16.569999999999997
1107,7.627000000000002
1108,11.867999999999997
1109,16.35100000000001
1110,21.2
1111,11.741999999999994
1112,13.113999999999999
1113,10.188
1114,35.073999999999984
1115,19.213999999999995
1116,9.344999999999997
1117,8.441
1118,14.692999999999994
1119,11.294999999999995
1120,15.855000000000002
1121,14.009999999999998
1122,54.75100000000001
1123,7.918000000000004
1124,21.864000000000004
1125,19.012000000000004
1126,6.459000000000003
1127,9.960999999999997
1128,10.321000000000002
1129,8.511999999999999
1130,10.636000000000003
1131,2.587999999999999
1132,1.1699999999999995
1133,1.248
1134,5.710000000000003
1135,7.486999999999999
1136,5.191999999999998
1137,8.686999999999996
1138,11.62999999999999
1139,15.039999999999987
1140,10.132999999999997
1141,5.312
1142,15.321
1143,13.753000000000004
1144,9.112000000000004
1145,6.203999999999997
1146,5.160000000000001
1147,1.9509999999999996
1148,4.777999999999997
1149,7.692
1150,7.681000000000001
1151,7.035999999999999
1152,6.291000000000001
1153,7.1460000000000035
1154,6.246
1155,4.816
1156,8.881999999999998
1157,15.37499999999999
1158,14.750999999999998
1159,8.584000000000001
1160,2.686999999999999
1161,2.9850000000000008
1162,3.6439999999999997
1163,3.966
1164,7.89
1165,16.055999999999994
1166,3.4080000000000017
1167,0.6990000000000002
1168,3.017000000000002
1169,2.8020000000000005
1170,5.135
1171,18.298
1172,16.654000000000003
1173,16.936999999999998
1174,4.552000000000001
1175,8.534999999999998
1176,2.7699999999999996
1177,1.628
1178,2.552
1179,3.545999999999999
1180,12.72299999999999
1181,11.325999999999997
1182,3.059000000000001
1183,6.296999999999998
1184,1.3700000000000003
1185,1.3419999999999996
1186,3.3160000000000007
1187,0.9769999999999992
1188,3.690999999999999
1189,9.457999999999997
1190,7.5950000000000015
1191,6.926000000000004
1192,2.886000000000001
1193,9.458999999999996
1194,8.448
1195,7.424000000000002
1196,5.741000000000002
1197,13.602000000000002
1198,24.99000000000001
1199,9.691999999999998
1200,11.12
1201,9.893000000000006
1202,8.387000000000002
1203,8.028999999999998
1204,4.306
1205,25.88699999999999
1206,18.229999999999997
1207,14.215999999999994
1208,7.170999999999998
1209,4.261000000000002
1210,8.673
1211,3.3189999999999986
1212,2.994000000000001
1213,7.214000000000001
1214,6.0610000000000035
1215,8.504999999999997
1216,8.164
1217,7.601999999999999
1218,9.038000000000002
1219,11.536000000000001
1220,12.459999999999996
1221,12.002999999999995
1222,17.54
1223,9.017999999999994
1224,9.911000000000003
1225,8.842999999999998
1226,9.555
1227,9.482000000000001
1228,5.185
1229,10.265999999999998
1230,11.351999999999993
1231,6.963999999999998
1232,17.048000000000005
1233,9.425999999999998
1234,4.543000000000004
1235,3.8099999999999987
1236,7.6370000000000005
1237,4.6690000000000005
1238,6.621999999999995
1239,3.2190000000000003
1240,7.463000000000002
1241,5.069000000000001
1242,3.7879999999999985
1243,10.231999999999998
1244,9.110999999999997
1245,4.580000000000003
1246,2.8779999999999997
1247,1.8729999999999989
1248,7.252000000000004
1249,5.6930000000000005
1250,3.475
1251,3.8009999999999984
1252,5.290000000000004
1253,1.0069999999999997
1254,1.1280000000000003
1255,2.887999999999999
1256,1.5509999999999993
1257,3.2230000000000008
1258,5.940999999999999
1259,5.810999999999999
1260,12.187999999999997
1261,21.754000000000005
1262,18.616
1263,12.493999999999998
1264,8.369999999999996
1265,4.687
1266,5.030999999999999
1267,3.404000000000001
1268,2.3869999999999996
1269,1.338
1270,8.135000000000005
1271,4.910000000000001
1272,6.865999999999998
1273,6.687999999999997
1274,3.408
1275,4.414999999999999
1276,4.764999999999998
1277,9.892000000000001
1278,2.9000000000000012
1279,2.6619999999999986
1280,11.196999999999996
1281,9.862000000000002
1282,7.957000000000001
1283,1.8359999999999994
1284,8.880999999999995
1285,6.136
1286,2.3229999999999986
1287,0.9510000000000001
1288,0.9209999999999999
1289,8.896
1290,8.257
1291,8.846000000000002
1292,7.067000000000002
1293,5.837
1294,0.7710000000000001
1295,1.085
1296,3.552
1297,6.006
1298,13.017999999999999
1299,13.717
1300,6.482000000000003
1301,2.7249999999999996
1302,1.2659999999999996
1303,3.147999999999999
1304,10.721000000000002
1305,1.028
1306,4.111999999999998
1307,3.758999999999999
1308,8.962000000000002
1309,3.679999999999999
1310,0.7610000000000003
1311,3.924000000000001
1312,5.469000000000002
1313,8.399000000000001
1314,4.491999999999997
1315,8.53
1316,5.554000000000002
1317,6.932000000000005
1318,3.9309999999999987
1319,11.365999999999994
1320,7.814000000000001
1321,2.675
1322,3.334000000000001
1323,4.968
1324,0.166
1325,0.7550000000000003
1326,1.4339999999999997
1327,5.399999999999999
1328,6.948
1329,5.204
1330,2.592999999999998
1331,0.698
1332,0.8799999999999999
1333,4.965999999999999
1334,5.957000000000001
1335,6.2860000000000005
1336,7.504999999999999
1337,2.959999999999998
1338,1.3459999999999994
1339,2.0540000000000003
1340,0.12899999999999998
1341,0.038000000000000006
1342,0.14699999999999996
1343,1.1989999999999996
1344,6.133000000000002
1345,4.995
1346,4.805
1347,1.505
1348,0.862
1349,2.2509999999999994
1350,2.984
1351,0.11699999999999992
1352,0.091
1353,0.06899999999999999
1354,0.163
1355,0.262
1356,0.17700000000000002
1357,0.032
1358,0.06
1359,0.13499999999999995
1360,0.09899999999999996
1361,0.03500000000000001
1362,0.17400000000000002
1363,0.4850000000000002
1364,0.6160000000000001
1365,2.2699999999999987
1366,7.797
1367,1.7669999999999997
1368,0.11399999999999999
1369,0.08699999999999998
1370,0.4709999999999999
1371,3.6299999999999994
1372,0.12299999999999998
1373,1.0999999999999994
1374,6.009999999999999
1375,3.4259999999999984
1376,3.8899999999999983
1377,5.5680000000000005
1378,6.7349999999999985
1379,1.4699999999999998
1380,0.13199999999999998
1381,3.64
1382,3.819
1383,0.2559999999999999
1384,0.07999999999999999
1385,0.166
1386,0.212
1387,0.163
1388,0.12999999999999992
1389,1.6299999999999988
1390,1.4290000000000012
1391,0.4629999999999999
1392,1.7320000000000004
1393,5.321999999999999
1394,4.615
1395,5.433999999999998
1396,1.12
1397,0.302
1398,4.160999999999998
1399,4.050999999999999
1400,5.247000000000002
1401,3.5770000000000004
1402,5.2689999999999975
1403,4.499999999999997
1404,8.922000000000002
1405,5.6279999999999974
1406,7.232999999999996
1407,1.05
1408,0.5920000000000002
1409,4.682
1410,6.423000000000001
1411,4.332999999999999
1412,0.062
1413,0.182
1414,0.6850000000000002
1415,2.9779999999999998
1416,5.498000000000002
1417,2.1680000000000006
1418,4.273000000000001
1419,1.4089999999999998
1420,1.7809999999999997
1421,0.8909999999999997
1422,0.11499999999999996
1423,1.4869999999999992
1424,1.2770000000000004
1425,10.719000000000003
1426,9.950999999999997
1427,7.998000000000001
1428,9.95
1429,9.768999999999998
1430,7.618
1431,15.152999999999999
1432,11.856
1433,9.227000000000004
1434,11.287000000000003
1435,9.152000000000001
1436,3.3770000000000007
1437,6.2059999999999995
1438,2.0109999999999992
1439,4.957999999999999
1440,2.7920000000000003
1441,6.725999999999998
1442,9.740000000000002
1443,30.06199999999998
1444,15.784999999999998
1445,12.903999999999996
1446,8.035000000000002
1447,7.620000000000002
1448,8.148000000000001
1449,11.667
1450,13.520999999999999
1451,15.158000000000007
1452,15.141000000000002
1453,3.008
1454,0.17600000000000002
1455,1.733999999999999
1456,2.9559999999999995
1457,2.7209999999999983
1458,4.738999999999999
1459,6.006000000000001
1460,9.036
1461,9.954000000000002
1462,7.187
1463,13.673999999999992
1464,12.712999999999996
1465,17.096
1466,10.278000000000002
1467,12.561
1468,8.139
1469,8.325000000000003
1470,8.682999999999998
1471,11.446
1472,17.726999999999997
1473,5.190999999999999
1474,14.501
1475,6.532999999999999
1476,4.532999999999999
1477,7.809999999999999
1478,5.711
1479,8.411
1480,15.964000000000006
1481,10.717999999999995
1482,9.418999999999997
1483,12.915999999999997
1484,15.027000000000003
1485,21.548000000000012
1486,5.456000000000001
1487,0.5980000000000001
1488,1.1390000000000002
1489,9.698
1490,11.661
1491,12.637000000000006
1492,7.4360000000000035
1493,4.1579999999999995
1494,3.835999999999997
1495,0.7200000000000004
1496,2.6259999999999994
1497,4.859000000000002
1498,4.050999999999998
1499,10.904999999999998
1500,10.065
1501,18.221
1502,17.030999999999995
1503,3.737
1504,0.163
1505,0.08799999999999997
1506,5.641999999999999
1507,26.806999999999995
1508,0.6619999999999999
1509,1.0269999999999995
1510,1.2189999999999994
1511,0.026000000000000002
1512,0.44100000000000006
1513,0.82
1514,5.777000000000002
1515,6.951999999999999
1516,0.05000000000000001
1517,0.3280000000000001
1518,2.0069999999999983
1519,0.08299999999999995
1520,0.10199999999999998
1521,0.33399999999999996
1522,0.6990000000000002
1523,1.064
1524,5.4460000000000015
1525,1.3030000000000002
1526,1.5799999999999996
1527,0.1789999999999999
1528,0.7579999999999997
1529,0.106
1530,0.017
1531,0.8210000000000001
1532,0.079
1533,1.507
1534,0.4480000000000001
1535,0.31399999999999995
1536,0.18
1537,0.6759999999999999
1538,0.062
1539,0.07199999999999998
1540,0.467
1541,3.2799999999999994
1542,5.223
1543,1.112
1544,0.8030000000000002
1545,0.575
1546,2.1539999999999995
1547,13.432
1548,11.626000000000007
1549,21.852999999999998
1550,7.959999999999996
1551,0.2360000000000001
1552,0.10899999999999999
1553,0.2719999999999999
1554,2.2530000000000006
1555,0.28700000000000014
1556,2.928
1557,0.22899999999999998
1558,2.2349999999999994
1559,0.31
1560,0.8680000000000004
1561,4.296000000000001
1562,5.921000000000003
1563,4.785999999999999
1564,3.2670000000000003
1565,2.7279999999999998
1566,4.403000000000001
1567,0.6779999999999998
1568,1.3960000000000008
1569,1.258
1570,2.1210000000000004
1571,1.7450000000000003
1572,2.062000000000001
1573,8.447000000000001
1574,0.204
1575,0.4950000000000002
1576,1.429
1577,0.5790000000000002
1578,1.564
1579,2.133
1580,1.5190000000000006
1581,2.8849999999999985
1582,4.541
1583,11.935000000000002
1584,9.380000000000003
1585,13.944999999999991
1586,11.083000000000002
1587,5.596
1588,1.318
1589,1.8799999999999997
1590,3.0949999999999993
1591,3.5539999999999985
1592,10.558999999999996
1593,16.119
1594,2.9539999999999993
1595,9.565999999999999
1596,12.958999999999996
1597,19.166000000000004
1598,9.498000000000001
1599,14.323000000000002
1600,7.084000000000002
1601,15.398000000000001
1602,10.772000000000007
1603,14.280999999999995
1604,5.433999999999998
1605,28.492999999999988
1606,4.548
1607,6.991999999999999
1608,8.46
1609,17.612
1610,10.677000000000003
1611,12.187999999999999
1612,17.935
1613,39.394999999999975
1614,3.6780000000000026
1615,7.275000000000001
1616,6.260999999999999
1617,10.974000000000004
1618,2.3870000000000013
1619,1.4740000000000009
1620,9.799000000000001
1621,7.0699999999999985
1622,18.519
1623,3.506999999999999
1624,7.966
1625,2.9750000000000005
1626,1.084
1627,3.0520000000000014
1628,10.456000000000001
1629,12.303999999999998
1630,6.360999999999995
1631,11.456000000000003
1632,7.381000000000003
1633,7.144000000000002
1634,9.152999999999997
1635,11.651000000000002
1636,5.562
1637,4.768
1638,5.360999999999999
1639,5.225999999999999
1640,9.512000000000004
1641,14.353000000000009
1642,36.58899999999999
1643,6.928000000000001
1644,8.261999999999997
1645,24.119
1646,8.084999999999997
1647,12.935000000000002
1648,4.430999999999999
1649,6.311999999999999
1650,9.188999999999998
1651,8.001
1652,9.765999999999998
1653,9.943999999999999
1654,12.678000000000003
1655,3.7299999999999986
1656,3.1850000000000005
1657,0.644
1658,1.023
1659,0.8440000000000002
1660,5.452000000000001
1661,4.5809999999999995
1662,3.155000000000001
1663,5.253999999999996
1664,10.501000000000003
1665,15.424999999999997
1666,9.892999999999999
1667,10.709000000000003
1668,15.803999999999998
1669,9.588999999999999
1670,5.407
1671,6.5749999999999975
1672,10.270999999999994
1673,9.364999999999998
1674,14.673000000000002
1675,5.647999999999999
1676,9.323999999999998
1677,3.8000000000000016
1678,1.635999999999999
1679,4.775
1680,5.666
1681,5.1099999999999985
1682,2.222
1683,3.0199999999999996
1684,3.2070000000000003
1685,5.016
1686,6.2289999999999965
1687,9.369
1688,4.3149999999999995
1689,8.705999999999998
1690,13.756999999999994
1691,9.012999999999998
1692,7.688000000000001
1693,5.768
1694,3.3869999999999982
1695,4.205000000000001
1696,1.6850000000000005
1697,5.109
1698,7.9039999999999955
1699,5.373999999999999
1700,4.755999999999999
1701,10.652999999999999
1702,13.117000000000004
1703,16.096000000000004
1704,7.4009999999999945
1705,5.550000000000001
1706,2.7299999999999995
1707,2.3669999999999987
1708,3.924000000000001
1709,2.1540000000000017
1710,4.131000000000001
1711,5.338000000000001
1712,3.7759999999999985
1713,5.555999999999999
1714,8.576999999999998
1715,2.4830000000000005
1716,5.601999999999999
1717,10.896000000000006
1718,6.800999999999998
1719,11.274000000000003
1720,9.42
1721,12.969000000000001
1722,11.793000000000001
1723,13.451000000000006
1724,16.549999999999997
1725,11.846000000000002
1726,8.827999999999996
1727,13.089
1728,18.207000000000004
1729,7.972999999999998
1730,8.828000000000001
1731,9.818000000000003
1732,7.858000000000001
1733,5.510999999999997
1734,2.873000000000001
1735,4.263000000000003
1736,6.333000000000001
1737,4.0089999999999995
1738,4.062
1739,6.96
1740,4.167999999999999
1741,3.4669999999999974
1742,2.4319999999999995
1743,3.1940000000000004
1744,1.7129999999999996
1745,1.8969999999999994
1746,8.307999999999995
1747,11.004999999999997
1748,9.976
1749,8.952
1750,4.363999999999999
1751,1.4520000000000004
1752,2.6919999999999997
1753,5.465
1754,11.028000000000002
1755,11.119999999999996
1756,11.57
1757,3.494
1758,2.5989999999999993
1759,2.0469999999999997
1760,3.2960000000000007
1761,5.394000000000001
1762,5.000999999999999
1763,9.454999999999997
1764,19.769
1765,4.039000000000001
1766,3.6319999999999997
1767,4.780000000000002
1768,4.646
1769,14.225000000000009
1770,9.952
1771,6.219999999999996
1772,6.608999999999997
1773,17.154000000000007
1774,10.427000000000003
1775,9.94199999999999
1776,0.5830000000000004
1777,3.898999999999999
1778,1.905000000000001
1779,2.1109999999999998
1780,1.6209999999999993
1781,5.860999999999995
1782,10.136999999999999
1783,7.923999999999994
1784,7.360000000000001
1785,7.551000000000001
1786,3.4279999999999986
1787,12.219999999999997
1788,12.028000000000004
1789,8.606999999999994
1790,6.645000000000001
1791,2.3719999999999994
1792,7.645
1793,12.761000000000003
1794,21.650000000000006
1795,22.286000000000005
1796,4.572
1797,3.4280000000000017
1798,7.114
1799,3.4829999999999997
1800,1.0880000000000003
1801,2.853999999999999
1802,1.1790000000000003
1803,2.53
1804,2.826000000000001
1805,3.2089999999999996
1806,8.377000000000002
1807,0.9410000000000001
1808,4.928000000000001
1809,5.957999999999999
1810,17.475
1811,5.1819999999999995
1812,7.345000000000002
1813,10.645000000000003
1814,1.005
1815,7.119000000000002
1816,7.4150000000000045
1817,9.501
1818,11.243
1819,15.279000000000005
1820,7.505000000000001
1821,9.206000000000003
1822,7.151000000000002
1823,1.89
1824,6.238
1825,2.7070000000000016
1826,2.5530000000000017
1827,0.9260000000000005
1828,4.508999999999999
1829,7.855
1830,13.463000000000001
1831,13.511999999999999
1832,3.399999999999999
1833,3.3770000000000007
1834,3.2980000000000014
1835,0.264
1836,1.2620000000000002
1837,3.5579999999999985
1838,5.654000000000002
1839,4.135
1840,5.952000000000001
1841,2.271999999999999
1842,1.2060000000000004
1843,1.2400000000000002
1844,2.162000000000001
1845,4.338000000000001
1846,5.161000000000001
1847,26.194999999999986
1848,8.059000000000001
1849,11.047000000000002
1850,11.485000000000003
1851,4.595000000000001
1852,2.486
1853,0.5490000000000002
1854,2.0499999999999994
1855,0.21699999999999997
1856,4.412000000000002
1857,1.2579999999999996
1858,1.4139999999999997
1859,2.831999999999999
1860,2.1779999999999995
1861,0.4140000000000002
1862,0.764
1863,1.3359999999999996
1864,1.981999999999999
1865,1.0069999999999997
1866,1.2589999999999997
1867,2.727000000000001
1868,5.1560000000000015
1869,10.563000000000002
1870,2.1829999999999994
1871,0.6589999999999999
1872,0.9780000000000004
1873,0.6320000000000003
1874,0.09
1875,0.9910000000000002
1876,1.0580000000000005
1877,2.955999999999999
1878,6.433999999999998
1879,2.8479999999999994
1880,5.040000000000001
1881,8.191999999999998
1882,3.324999999999999
1883,2.447999999999998
1884,1.4489999999999994
1885,0.9379999999999995
1886,3.8409999999999997
1887,5.547
1888,0.7460000000000002
1889,0.4730000000000004
1890,0.7179999999999999
1891,0.8469999999999998
1892,2.710999999999999
1893,6.947999999999999
1894,2.7200000000000006
1895,0.8020000000000002
1896,1.1270000000000002
1897,0.6050000000000001
1898,0.32600000000000007
1899,1.9729999999999999
1900,0.959
1901,1.7590000000000012
1902,5.079000000000001
1903,2.4010000000000007
1904,12.090999999999998
1905,16.241
1906,7.399999999999997
1907,7.019
1908,3.5580000000000007
1909,1.808
1910,0.47100000000000003
1911,4.3309999999999995
1912,1.1509999999999996
1913,0.3
1914,0.20900000000000002
1915,0.75
1916,0.9899999999999999
1917,5.165
1918,10.055
1919,3.832999999999999
1920,1.3970000000000005
1921,1.024
1922,0.5280000000000001
1923,3.2810000000000015
1924,1.3030000000000004
1925,2.0799999999999987
1926,1.643999999999999
1927,13.459999999999988
1928,8.154999999999996
1929,14.840999999999998
1930,11.722000000000001
1931,9.397999999999998
1932,10.624999999999995
1933,12.237
1934,11.103999999999996
1935,14.064999999999992
1936,7.869
1937,7.428000000000004
1938,11.819999999999991
1939,13.484000000000004
1940,18.095000000000006
1941,4.557999999999998
1942,7.115
1943,10.506999999999998
1944,14.730000000000008
1945,11.319999999999993
1946,10.443
1947,15.061000000000002
1948,9.950999999999999
1949,3.6729999999999996
1950,13.303999999999997
1951,6.559999999999999
1952,2.434
1953,0.7579999999999998
1954,1.1540000000000001
1955,0.757
1956,11.606
1957,3.808000000000001
1958,2.609
1959,7.085000000000003
1960,6.406999999999999
1961,8.984000000000004
1962,9.168000000000003
1963,14.505000000000006
1964,8.014999999999997
1965,12.599000000000004
1966,10.513000000000002
1967,9.255
1968,9.659999999999998
1969,12.746999999999998
1970,8.671999999999999
1971,7.211
1972,6.441999999999998
1973,12.799999999999994
1974,7.858999999999998
1975,3.0060000000000007
1976,0.6050000000000003
1977,1.7789999999999995
1978,5.575999999999998
1979,7.817000000000004
1980,6.0360000000000005
1981,13.496000000000006
1982,2.678
1983,4.5969999999999995
1984,2.4869999999999988
1985,4.612
1986,5.943999999999997
1987,6.430999999999999
1988,16.533
1989,12.229999999999997
1990,10.599000000000004
1991,13.884
1992,14.004999999999997
1993,9.640999999999995
1994,4.410000000000001
1995,4.033999999999999
1996,8.174999999999994
1997,14.001000000000003
1998,9.543
1999,6.635
2000,7.932
2001,8.454999999999998
2002,7.056
2003,8.268000000000004
2004,9.643999999999998
2005,14.801000000000004
2006,3.369000000000001
2007,4.027000000000002
2008,5.654000000000001
2009,4.732999999999999
2010,4.374000000000002
2011,6.4499999999999975
2012,2.1050000000000013
2013,8.631000000000002
2014,7.3420000000000005
2015,6.676000000000001
2016,6.8450000000000015
2017,8.753000000000004
2018,12.971999999999996
2019,6.833999999999999
2020,1.0890000000000002
2021,5.663000000000002
2022,7.774999999999998
2023,3.167
2024,14.469
2025,15.718999999999992
2026,16.287
2027,18.791
2028,8.913
2029,9.243
2030,17.288999999999994
2031,11.848000000000004
2032,13.484000000000004
2033,16.723999999999997
2034,5.763
2035,8.167
2036,11.842999999999993
2037,11.569000000000003
2038,14.39
2039,34.545
2040,14.689000000000005
2041,11.196000000000002
2042,12.765
2043,2.7610000000000015
2044,2.1090000000000004
2045,5.617000000000001
2046,2.516
2047,9.603
2048,22.019999999999996
2049,13.309000000000001
2050,4.302999999999998
2051,19.522000000000002
2052,24.520999999999994
2053,5.279
2054,3.1290000000000004
2055,1.6730000000000007
2056,2.2859999999999996
2057,25.79700000000001
2058,10.841
2059,2.614
2060,3.8480000000000008
2061,1.5090000000000001
2062,2.7
2063,0.7350000000000003
2064,1.8689999999999996
2065,12.310000000000004
2066,4.2
2067,10.807999999999998
2068,14.178999999999998
2069,6.551999999999998
2070,20.696000000000012
2071,1.676
2072,2.152999999999999
2073,2.940999999999999
2074,5.322000000000002
2075,3.1920000000000006
2076,8.99
2077,7.436
2078,3.5450000000000013
2079,1.4849999999999997
2080,8.987
2081,6.405
2082,1.3369999999999995
2083,5.172
2084,8.418000000000001
2085,10.356000000000002
2086,5.2799999999999985
2087,6.927999999999996
2088,15.222999999999997
2089,2.048
2090,1.4680000000000002
2091,6.564999999999998
2092,9.204999999999998
2093,6.692999999999999
2094,2.904999999999999
2095,8.421000000000003
2096,15.102999999999998
2097,5.061999999999999
2098,8.410000000000004
2099,16.444999999999993
2100,6.345999999999998
2101,8.164999999999997
2102,9.368000000000002
2103,4.747999999999999
2104,8.626
2105,11.485
2106,7.657
2107,18.77399999999999
2108,7.021000000000002
2109,11.578999999999997
2110,15.131999999999994
2111,7.815
2112,13.823000000000002
2113,13.619999999999994
2114,2.141999999999999
2115,7.720000000000002
2116,13.202000000000004
2117,10.288999999999998
2118,4.6629999999999985
2119,1.8119999999999994
2120,8.026999999999997
2121,16.394999999999992
2122,14.25599999999999
2123,6.059
2124,9.225999999999997
2125,14.83799999999999
2126,13.015
2127,3.281999999999999
2128,2.776
2129,2.576000000000001
2130,8.483999999999998
2131,14.360000000000003
2132,7.330000000000002
2133,8.042000000000002
2134,3.5680000000000005
2135,6.419999999999998
2136,8.616000000000005
2137,8.840000000000002
2138,3.7859999999999996
2139,4.414999999999998
2140,13.14
2141,8.849000000000004
2142,10.119000000000002
2143,9.333
2144,9.083000000000002
2145,9.18
2146,9.47300000000001
2147,8.700000000000003
2148,6.836000000000001
2149,7.5569999999999995
2150,4.430000000000001
2151,9.608000000000002
2152,9.459999999999997
2153,14.361999999999997
2154,10.866
2155,11.982999999999988
2156,5.446999999999999
2157,5.503999999999998
2158,7.531000000000002
2159,10.407000000000004
2160,19.433999999999997
2161,8.474000000000004
2162,6.334000000000002
2163,8.806000000000001
2164,10.458000000000002
2165,6.563000000000003
2166,5.584000000000002
2167,9.057
2168,10.207000000000003
2169,18.295999999999996
2170,13.983999999999996
2171,8.26
2172,6.974999999999999
2173,4.201999999999999
2174,0.5770000000000003
2175,2.503999999999999
2176,16.23200000000001
2177,7.152
2178,17.994000000000003
2179,5.7989999999999995
2180,10.052999999999999
2181,5.133999999999999
2182,10.295000000000002
2183,11.043000000000001
2184,11.044999999999998
2185,14.153000000000006
2186,10.503999999999996
2187,6.788999999999998
2188,5.198000000000002
2189,1.6039999999999999
2190,0.9009999999999998
2191,2.7750000000000004
2192,9.125999999999996
2193,10.151000000000003
2194,13.917999999999997
2195,7.396
2196,7.883000000000003
2197,15.143000000000004
2198,5.394999999999999
2199,16.04300000000001
2200,13.034
2201,2.7400000000000007
2202,4.074000000000001
2203,8.202999999999998
2204,9.485999999999997
2205,8.238999999999999
2206,15.223999999999995
2207,14.065000000000003
2208,7.402999999999999
2209,2.1880000000000006
2210,7.419000000000002
2211,5.293999999999999
2212,1.737
2213,1.2759999999999991
2214,2.274
2215,5.462999999999998
2216,1.7139999999999997
2217,9.362000000000002
2218,9.002000000000002
2219,3.529
2220,11.758000000000003
2221,11.509
2222,13.530000000000003
2223,1.7820000000000003
2224,8.420999999999996
2225,14.748999999999997
2226,9.639
2227,6.459
2228,20.968999999999998
2229,3.2560000000000007
2230,7.154000000000001
2231,11.000999999999994
2232,6.846
2233,16.850999999999996
2234,6.581999999999999
2235,15.464
2236,4.894000000000002
2237,15.130999999999998
2238,9.924
2239,4.436000000000001
2240,3.281999999999999
2241,4.191999999999998
2242,5.128999999999999
2243,7.08
2244,8.272
2245,5.099000000000001
2246,6.191999999999999
2247,10.657
2248,13.892999999999994
2249,8.566000000000003
2250,14.746999999999998
2251,1.8119999999999987
2252,2.440999999999999
2253,3.1239999999999997
2254,3.2090000000000005
2255,3.8110000000000026
2256,2.2640000000000007
2257,2.1019999999999994
2258,8.753000000000002
2259,5.025999999999998
2260,7.475999999999998
2261,14.285
2262,6.357
2263,2.4770000000000016
2264,10.103000000000002
2265,8.330999999999996
2266,5.567
2267,7.490000000000004
2268,2.3729999999999998
2269,16.907999999999994
2270,9.688000000000002
2271,4.949000000000001
2272,3.646000000000001
2273,4.857999999999998
2274,3.4289999999999985
2275,10.349
2276,3.6140000000000008
2277,3.827
2278,4.080000000000001
2279,11.983000000000002
2280,20.850999999999996
2281,17.403
2282,5.739999999999998
2283,9.94
2284,14.706999999999999
2285,13.409
2286,9.759
2287,5.138000000000001
2288,8.302
2289,5.770999999999999
2290,6.284000000000001
2291,16.347999999999992
2292,8.201
2293,28.826000000000004
2294,7.545000000000003
2295,1.7500000000000002
2296,4.418000000000001
2297,10.409
2298,13.731000000000003
2299,2.632999999999999
2300,7.429000000000003
2301,3.3539999999999996
2302,1.2209999999999999
2303,2.9780000000000006
2304,1.543
2305,2.4529999999999994
2306,10.182000000000002
2307,2.1350000000000007
2308,5.230999999999999
2309,6.4620000000000015
2310,2.4069999999999983
2311,9.016999999999998
2312,3.8289999999999997
2313,3.3930000000000007
2314,7.524
2315,6.368
2316,4.696000000000001
2317,5.052
2318,6.199000000000002
2319,11.670000000000002
2320,10.163999999999998
2321,6.487000000000002
2322,7.951999999999999
2323,7.481999999999999
2324,7.400000000000002
2325,11.989999999999998
2326,3.7820000000000005
2327,5.439999999999998
2328,3.2869999999999986
2329,7.757999999999999
2330,4.2749999999999995
2331,9.107999999999997
2332,3.9400000000000004
2333,3.436000000000001
2334,4.601999999999999
2335,17.458000000000006
2336,3.300000000000001
2337,5.850000000000001
2338,3.4720000000000004
2339,5.675
2340,13.365
2341,12.576000000000004
2342,14.972999999999999
2343,3.475000000000002
2344,5.881000000000003
2345,8.962999999999996
2346,2.03
2347,2.002
2348,3.222
2349,6.622000000000001
2350,2.234000000000001
2351,2.9050000000000007
2352,4.599000000000001
2353,3.9710000000000014
2354,2.544
2355,2.5219999999999994
2356,2.66
2357,2.576999999999998
2358,7.732000000000002
2359,8.322
2360,5.2280000000000015
2361,12.874999999999995
2362,13.145999999999997
2363,6.449
2364,4.3100000000000005
2365,5.155999999999997
2366,6.181999999999999
2367,4.235
2368,1.5410000000000001
2369,0.8929999999999997
2370,1.4849999999999994
2371,2.265000000000001
2372,5.553999999999999
2373,1.5940000000000003
2374,3.455000000000002
2375,4.829
2376,2.678
2377,3.4959999999999996
2378,2.4450000000000003
2379,4.4639999999999995
2380,1.5209999999999997
2381,1.7999999999999998
2382,2.384
2383,3.9780000000000006
2384,7.818999999999997
2385,2.9130000000000007
2386,3.506000000000002
2387,7.800000000000003
2388,6.989000000000002
2389,7.085000000000001
2390,8.385000000000003
2391,6.039
2392,13.007
2393,3.7450000000000006
2394,5.693
2395,7.655999999999995
2396,11.747999999999996
2397,24.848
2398,2.185000000000001
2399,1.7320000000000004
2400,6.116000000000001
2401,7.596
2402,6.468000000000001
2403,6.932999999999998
2404,4.258000000000001
2405,5.518
2406,4.017000000000001
2407,4.959000000000001
2408,3.001000000000001
2409,2.4390000000000005
2410,3.225
2411,6.052000000000005
2412,7.9950000000000045
2413,2.3529999999999993
2414,5.364000000000001
2415,2.9750000000000005
2416,13.54099999999999
2417,3.8710000000000013
2418,2.214999999999999
2419,2.3919999999999995
2420,2.661000000000001
2421,7.423999999999999
2422,2.3650000000000007
2423,6.195
2424,6.806
2425,9.204999999999998
2426,3.952999999999997
2427,11.494999999999996
2428,10.736999999999998
2429,3.4360000000000004
2430,10.491
2431,16.986999999999995
2432,13.69299999999999
2433,20.150999999999986
2434,6.296999999999997
2435,3.4139999999999993
2436,3.9509999999999987
2437,5.377000000000002
2438,4.497999999999999
2439,8.442000000000002
2440,7.842999999999998
2441,11.578
2442,3.2220000000000018
2443,8.113
2444,9.511000000000003
2445,3.2000000000000006
2446,5.592
2447,4.927
2448,4.433000000000001
2449,3.052
2450,6.1389999999999985
2451,3.032000000000001
2452,2.092
2453,2.293
2454,8.112000000000002
2455,9.110000000000001
2456,5.558999999999998
2457,7.183999999999997
2458,18.145999999999994
2459,8.345999999999998
2460,2.1549999999999994
2461,6.91
2462,8.152999999999999
2463,3.6880000000000006
2464,7.850000000000002
2465,11.553000000000003
2466,15.100999999999999
2467,15.025
2468,5.4579999999999975
2469,5.8119999999999985
2470,21.442999999999998
2471,1.9800000000000006
2472,2.383
2473,9.322000000000005
2474,5.118999999999997
2475,4.916
2476,14.047999999999996
2477,9.55
2478,8.802999999999999
2479,5.617000000000002
2480,14.257999999999992
2481,7.972999999999997
2482,16.78599999999999
2483,8.982
2484,10.979999999999997
2485,7.598000000000002
2486,11.770999999999999
2487,6.871999999999998
2488,10.494000000000002
2489,6.1960000000000015
2490,2.390000000000001
2491,1.6540000000000001
2492,2.8160000000000007
2493,1.8639999999999992
2494,12.709000000000009
2495,16.78
2496,11.761999999999999
2497,9.041999999999996
2498,5.8119999999999985
2499,9.212
2500,7.087999999999998
2501,3.899000000000001
2502,3.6759999999999997
2503,4.427
2504,1.4760000000000002
2505,0.8880000000000001
2506,1.1429999999999998
2507,1.058
2508,0.7480000000000004
2509,1.3159999999999996
2510,2.565999999999999
2511,1.9570000000000005
2512,7.936
2513,3.2210000000000023
2514,4.046999999999998
2515,6.483000000000003
2516,3.8169999999999997
2517,9.616999999999999
2518,44.190999999999974
2519,2.2929999999999984
2520,11.783999999999997
2521,4.882
2522,6.305000000000004
2523,15.640000000000002
2524,18.313
2525,6.942
2526,8.023
2527,4.585999999999999
2528,3.034999999999999
2529,1.1340000000000001
2530,1.1009999999999995
2531,1.9399999999999995
2532,5.937
2533,10.361999999999998
2534,8.477999999999998
2535,2.930999999999998
2536,1.8659999999999997
2537,1.269
2538,0.35700000000000004
2539,0.4440000000000001
2540,0.8190000000000001
2541,1.7589999999999997
2542,1.7500000000000007
2543,0.861
2544,1.304
2545,5.847
2546,4.854000000000001
2547,2.6179999999999986
2548,0.841
2549,1.8230000000000006
2550,1.497
2551,0.233
2552,3.008
2553,14.701000000000011
2554,1.4560000000000002
2555,0.7040000000000003
2556,0.8480000000000001
2557,1.6259999999999997
2558,1.6099999999999997
2559,17.19
2560,7.585000000000001
2561,5.860999999999998
2562,11.135
2563,10.127
2564,18.46400000000001
2565,2.053
2566,0.2419999999999999
2567,0.9250000000000002
2568,1.5460000000000005
2569,2.546
2570,2.171
2571,0.40299999999999997
2572,0.22699999999999995
2573,0.15899999999999997
2574,0.31099999999999994
2575,0.24999999999999992
2576,0.15
2577,0.7730000000000001
2578,0.5790000000000002
2579,0.5409999999999999
2580,2.3989999999999996
2581,2.9059999999999997
2582,2.1249999999999996
2583,11.304
2584,18.493
2585,14.86
2586,1.8589999999999995
2587,8.855000000000002
2588,12.120999999999995
2589,7.166000000000002
2590,16.608000000000008
2591,9.962000000000003
2592,9.138
2593,8.793999999999997
2594,23.42200000000001
2595,8.166999999999998
2596,7.9810000000000025
2597,7.271
2598,7.285000000000005
2599,15.46199999999999
2600,10.124
2601,7.693000000000005
2602,9.503999999999998
2603,6.5399999999999965
2604,13.080000000000005
2605,17.142999999999994
2606,22.898000000000003
2607,4.673000000000001
2608,2.5540000000000003
2609,1.5580000000000005
2610,9.862999999999998
2611,15.732999999999999
2612,13.215000000000005
2613,9.156999999999993
2614,7.111000000000002
2615,11.061000000000003
2616,2.9849999999999994
2617,7.863000000000002
2618,6.757999999999998
2619,13.223000000000004
2620,3.5080000000000013
2621,5.022000000000002
2622,18.998000000000008
2623,25.838999999999984
2624,6.444000000000001
2625,1.3080000000000005
2626,4.170000000000001
2627,9.032
2628,5.166999999999999
2629,8.822000000000001
2630,5.609999999999998
2631,7.780000000000002
2632,2.1279999999999997
2633,5.568
2634,19.284000000000002
2635,11.075999999999999
2636,3.004999999999999
2637,1.9069999999999998
2638,5.025999999999997
2639,1.3119999999999998
2640,3.9899999999999984
2641,13.332000000000003
2642,50.83199999999995
2643,17.875000000000004
2644,6.5470000000000015
2645,18.395999999999997
2646,0.2059999999999999
2647,3.0219999999999994
2648,1.0710000000000002
2649,0.5850000000000001
2650,0.435
2651,0.6569999999999995
2652,0.5049999999999997
2653,0.6370000000000002
2654,8.832000000000003
2655,25.897999999999996
2656,16.996000000000002
2657,11.115999999999996
2658,15.719999999999994
2659,10.841000000000001
2660,10.196999999999997
2661,8.023
2662,0.21199999999999997
2663,4.812000000000003
2664,8.349
2665,4.085
2666,1.1039999999999999
2667,0.16899999999999996
2668,0.5929999999999997
2669,0.7100000000000003
2670,0.12000000000000002
2671,1.0580000000000005
2672,7.792000000000002
2673,2.8549999999999986
2674,0.503
2675,0.6510000000000001
2676,1.05
2677,1.968999999999999
2678,5.785999999999999
2679,6.976999999999997
2680,10.053
2681,1.5819999999999994
2682,1.6010000000000002
2683,1.28
2684,1.8109999999999997
2685,1.4169999999999994
2686,0.4759999999999999
2687,1.0779999999999998
2688,1.6049999999999995
2689,1.2869999999999997
2690,3.286
2691,5.528000000000002
2692,4.795999999999999
2693,6.237
2694,3.0210000000000004
2695,2.329000000000001
2696,2.8489999999999998
2697,3.140999999999999
2698,2.176999999999999
2699,1.6549999999999998
2700,4.932
2701,7.917999999999998
2702,7.744000000000002
2703,4.196000000000001
2704,2.6800000000000006
2705,2.7179999999999995
2706,3.573
2707,0.5730000000000001
2708,0.35500000000000015
2709,4.319000000000002
2710,4.101
2711,5.832999999999998
2712,16.772999999999993
2713,36.36899999999998
2714,23.897999999999993
2715,4.289000000000001
2716,4.354999999999997
2717,3.899000000000001
2718,1.3179999999999998
2719,5.817
2720,9.010000000000002
2721,4.164999999999998
2722,3.8920000000000012
2723,6.996999999999995
2724,5.467
2725,0.21099999999999994
2726,0.9170000000000006
2727,2.7910000000000004
2728,4.566
2729,7.075
2730,4.053
2731,3.011000000000001
2732,4.304000000000001
2733,3.2630000000000012
2734,3.042
2735,3.2740000000000005
2736,7.196999999999995
2737,6.36
2738,5.269999999999998
2739,2.012
2740,2.052000000000001
2741,0.796
2742,0.6800000000000002
2743,1.0069999999999995
2744,1.3359999999999996
2745,1.2790000000000004
2746,2.948000000000001
2747,17.427
2748,4.115000000000001
2749,13.62000000000001
2750,13.521999999999998
2751,5.704999999999999
2752,4.440999999999999
2753,6.377000000000001
2754,0.36800000000000005
2755,1.751
2756,1.5050000000000003
2757,1.6820000000000008
2758,1.9339999999999997
2759,1.0849999999999997
2760,2.729000000000001
2761,2.9090000000000003
2762,2.2960000000000007
2763,3.494
2764,7.578000000000003
2765,3.961000000000002
2766,5.5409999999999995
2767,4.75
2768,2.945
2769,4.223000000000002
2770,6.5839999999999925
2771,4.613999999999998
2772,1.5599999999999994
2773,2.9970000000000017
2774,6.24
2775,5.725
2776,18.502000000000006
2777,13.725000000000005
2778,9.494999999999994
2779,18.335000000000008
2780,10.866
2781,5.899999999999998
2782,6.364000000000002
2783,6.8270000000000035
2784,9.696
2785,3.0379999999999994
2786,1.3850000000000002
2787,3.0940000000000016
2788,3.5960000000000023
2789,2.825
2790,9.341
2791,2.709999999999999
2792,0.9680000000000005
2793,0.875
2794,0.9270000000000005
2795,0.9580000000000005
2796,1.2259999999999998
2797,1.3969999999999996
2798,1.9139999999999995
2799,2.169
2800,0.5640000000000003
2801,0.16500000000000004
2802,2.331000000000001
2803,1.3840000000000003
2804,2.0870000000000006
2805,4.655999999999999
2806,1.939
2807,1.697
2808,3.8740000000000014
2809,4.120000000000002
2810,5.814000000000001
2811,4.439
2812,1.224
2813,1.2369999999999997
2814,8.977000000000002
2815,4.188000000000002
2816,5.123000000000001
2817,0.41300000000000003
2818,2.1099999999999994
2819,7.906000000000001
2820,7.439000000000005
2821,2.311
2822,2.2910000000000004
2823,1.506
2824,0.9950000000000004
2825,9.751
2826,2.233
2827,5.244000000000002
2828,2.958
2829,0.8900000000000001
2830,1.513
2831,3.0810000000000004
2832,7.14
2833,4.284
2834,2.1470000000000007
2835,0.8529999999999994
2836,2.255000000000001
2837,3.615999999999999
2838,3.176999999999999
2839,2.677
2840,0.755
2841,1.222
2842,0.8419999999999997
2843,1.4250000000000003
2844,0.9509999999999998
2845,2.2870000000000004
2846,1.4140000000000004
2847,0.799
2848,1.0189999999999997
2849,1.63
2850,4.102000000000001
2851,1.465
2852,5.271999999999999
2853,0.9070000000000001
2854,1.9639999999999995
2855,2.3009999999999993
2856,5.174000000000001
2857,8.533
2858,5.2940000000000005
2859,5.757000000000001
2860,10.218000000000002
2861,10.031
2862,9.974999999999998
2863,4.7269999999999985
2864,6.831999999999997
2865,6.193999999999996
2866,9.625000000000002
2867,3.0650000000000004
2868,2.8439999999999985
2869,3.2889999999999975
2870,1.6700000000000006
2871,0.9870000000000003
2872,0.319
2873,0.41100000000000014
2874,0.248
2875,2.549
2876,1.1920000000000004
2877,1.1289999999999998
2878,2.021
2879,5.9559999999999995
2880,2.3890000000000002
2881,2.259
2882,1.7850000000000004
2883,2.3609999999999998
2884,0.713
2885,2.4989999999999997
2886,2.3920000000000003
2887,3.935000000000001
2888,3.3710000000000013
2889,10.388000000000002
2890,9.966999999999992
2891,6.991000000000001
2892,4.1599999999999975
2893,1.854
2894,22.782999999999998
2895,6.748999999999995
2896,6.585999999999999
2897,1.8920000000000001
2898,4.472000000000001
2899,4.355000000000001
2900,2.1589999999999985
2901,3.2280000000000006
2902,1.8429999999999993
2903,2.359999999999999
2904,0.6150000000000001
2905,6.320000000000002
2906,1.4969999999999997
2907,0.4600000000000001
2908,2.404
2909,1.7490000000000006
2910,3.261999999999999
2911,3.3729999999999993
2912,1.9670000000000005
2913,1.5859999999999996
2914,2.563000000000001
2915,2.790000000000001
2916,3.9360000000000013
2917,3.8020000000000005
2918,2.6710000000000007
2919,3.5909999999999997
2920,2.641000000000001
2921,5.769999999999999
2922,5.629000000000003
2923,4.552999999999999
2924,2.05
2925,2.7770000000000015
2926,17.93700000000001
2927,11.721999999999994
2928,15.570000000000004
2929,16.063000000000002
2930,10.981999999999998
2931,3.2960000000000007
2932,5.1869999999999985
2933,4.011999999999999
2934,11.231000000000002
2935,5.9159999999999995
2936,15.481000000000002
2937,4.245
2938,4.039999999999999
2939,7.164999999999993
2940,6.721999999999998
2941,11.890000000000002
2942,5.72
2943,5.563
2944,9.799999999999997
2945,3.6779999999999986
2946,9.514
2947,10.771999999999998
2948,23.205000000000013
2949,10.97599999999999
2950,15.799
2951,23.006
2952,16.169999999999998
2953,17.192000000000004
2954,15.576999999999998
2955,32.673999999999985
2956,18.147999999999996
2957,6.878000000000002
2958,9.672000000000002
2959,7.4899999999999975
2960,7.919000000000003
2961,8.482999999999999
2962,48.16399999999996
2963,25.97699999999999
2964,23.53899999999999
2965,10.895999999999999
2966,26.86399999999999
2967,11.171999999999999
2968,10.03
2969,9.677999999999995
2970,6.82
2971,2.496
2972,0.7799999999999998
2973,0.4539999999999999
2974,2.481
2975,8.604000000000003
2976,3.556000000000001
2977,2.972
2978,2.6449999999999996
2979,2.172999999999999
2980,4.187
2981,6.435000000000003
2982,2.3040000000000003
2983,21.443
2984,8.012
2985,8.825
2986,19.68300000000001
2987,7.726000000000002
2988,9.003999999999996
2989,41.417999999999985
2990,38.56999999999998
2991,30.54599999999998
2992,31.65599999999998
2993,25.691
2994,46.63999999999996
2995,19.111000000000008
2996,4.7749999999999995
2997,3.8320000000000016
2998,15.949000000000003
2999,27.046000000000014
3000,13.492999999999997
3001,11.424999999999997
3002,14.417999999999992
3003,2.847000000000001
3004,0.322
3005,2.9729999999999985
3006,1.9850000000000003
3007,0.16399999999999992
3008,3.0200000000000005
3009,3.5340000000000007
3010,7.342000000000005
3011,11.054999999999996
3012,13.804999999999998
3013,6.318
3014,17.30299999999999
3015,9.74
3016,15.465999999999994
3017,24.35
3018,12.937999999999997
3019,19.215999999999994
3020,6.113999999999997
3021,14.046000000000001
3022,11.276000000000002
3023,3.0189999999999997
3024,8.040999999999995
3025,13.617999999999995
3026,13.592999999999995
3027,15.15699999999999
3028,13.750999999999998
3029,11.810999999999996
3030,11.884999999999996
3031,4.120000000000001
3032,2.913999999999999
3033,4.309
3034,5.215
3035,0.9210000000000004
3036,2.117
3037,4.524000000000001
3038,4.234000000000002
3039,2.2940000000000005
3040,2.7480000000000007
3041,4.777
3042,14.582999999999991
3043,1.7729999999999992
3044,6.238000000000002
3045,9.761000000000001
3046,14.835999999999997
3047,28.826000000000004
3048,15.103
3049,1.7810000000000006
3050,2.342
3051,0.5630000000000004
3052,7.188000000000003
3053,13.104999999999995
3054,16.288999999999998
3055,37.40899999999998
3056,11.751999999999999
3057,17.226999999999993
3058,0.899
3059,1.1269999999999996
3060,0.7710000000000001
3061,0.8240000000000002
3062,0.834
3063,2.853
3064,0.46300000000000013
3065,0.5550000000000002
3066,1.3000000000000003
3067,0.9980000000000001
3068,0.654
3069,0.8409999999999997
3070,0.46099999999999997
3071,0.7629999999999997
3072,0.8939999999999999
3073,9.226
3074,8.730999999999998
3075,9.112999999999996
3076,26.059000000000015
3077,14.496000000000002
3078,16.263000000000005
3079,7.948000000000003
3080,15.735
3081,8.958000000000002
3082,10.99
3083,15.741
3084,21.30799999999999
3085,9.346999999999998
3086,16.687999999999995
3087,24.401
3088,9.795000000000005
3089,13.178000000000003
3090,19.13799999999999
3091,23.842999999999996
3092,23.162999999999993
3093,5.212
3094,15.465
3095,27.227000000000007
3096,4.010000000000001
3097,1.665
3098,1.2730000000000006
3099,0.8900000000000002
3100,4.600999999999999
3101,15.223000000000003
3102,2.863
3103,5.405000000000001
3104,12.083999999999998
3105,13.987000000000002
3106,14.985999999999992
3107,6.273
3108,13.463999999999999
3109,4.938000000000001
3110,8.311000000000002
3111,11.382999999999997
3112,26.65699999999999
3113,4.911999999999999
3114,2.5100000000000002
3115,1.3530000000000002
3116,8.678999999999998
3117,17.951999999999995
3118,16.708999999999996
3119,11.449000000000003
3120,4.970999999999999
3121,7.219000000000003
3122,5.479999999999998
3123,10.110999999999999
3124,34.16599999999998
3125,3.9959999999999996
3126,13.067000000000002
3127,4.284999999999998
3128,11.620999999999999
3129,8.073
3130,12.917000000000003
3131,27.363999999999997
3132,41.968999999999994
3133,31.266999999999992
3134,6.886000000000004
3135,3.4950000000000006
3136,5.577999999999999
3137,3.2290000000000014
3138,2.9969999999999994
3139,2.891000000000001
3140,3.2290000000000005
3141,0.6230000000000003
3142,0.41700000000000026
3143,0.231
3144,3.6900000000000017
3145,14.355000000000002
3146,16.368999999999996
3147,37.034
3148,13.873999999999992
3149,14.568000000000001
3150,6.579000000000002
3151,2.3240000000000003
3152,6.341999999999998
3153,17.37100000000001
3154,0.5980000000000001
3155,2.4499999999999993
3156,2.5179999999999993
3157,0.8460000000000001
3158,0.7490000000000001
3159,1.1379999999999997
3160,7.170000000000001
3161,8.254000000000001
3162,1.3849999999999998
3163,2.527
3164,2.5629999999999997
3165,4.557
3166,9.408999999999997
3167,11.543999999999999
3168,9.060000000000004
3169,3.2709999999999995
3170,2.3209999999999993
3171,5.735000000000002
3172,2.3810000000000007
3173,6.124000000000002
3174,5.505999999999999
3175,2.5979999999999994
3176,4.988000000000002
3177,7.642999999999998
3178,9.763
3179,2.7739999999999996
3180,4.2589999999999995
3181,11.835000000000003
3182,19.613999999999997
3183,3.1529999999999996
3184,5.563000000000001
3185,2.5940000000000003
3186,12.487999999999994
3187,6.467999999999998
3188,9.161000000000003
3189,2.2230000000000003
3190,0.5900000000000002
3191,0.4880000000000002
3192,4.921000000000001
3193,1.9689999999999999
3194,7.570999999999999
3195,4.073
3196,11.418000000000001
3197,21.438999999999997
3198,14.389999999999995
3199,15.630000000000004
3200,10.037999999999998
3201,13.990999999999996
3202,2.617
3203,8.700999999999999
3204,9.211000000000004
3205,15.94
3206,15.48
3207,10.018999999999995
3208,9.604000000000005
3209,2.1839999999999993
3210,2.0319999999999996
3211,5.694000000000002
3212,13.740000000000007
3213,18.594999999999995
3214,4.605000000000001
3215,3.685
3216,5.873999999999996
3217,2.662
3218,1.2629999999999995
3219,2.1470000000000002
3220,1.8460000000000003
3221,2.498000000000001
3222,1.0230000000000004
3223,0.5540000000000002
3224,0.6890000000000001
3225,2.6950000000000007
3226,5.892000000000003
3227,8.982000000000003
3228,3.1399999999999983
3229,3.0700000000000007
3230,11.610999999999999
3231,10.328999999999999
3232,4.575000000000003
3233,12.258999999999999
3234,9.803
3235,14.270999999999997
3236,6.042000000000001
3237,18.79200000000001
3238,4.180999999999997
3239,6.1659999999999995
3240,6.713000000000001
3241,6.7909999999999995
3242,8.964
3243,9.285000000000002
3244,13.469000000000001
3245,22.219
3246,8.546
3247,5.695999999999998
3248,6.267000000000001
3249,2.2549999999999986
3250,2.771999999999998
3251,4.418999999999998
3252,5.167000000000001
3253,4.044999999999999
3254,3.6350000000000016
3255,8.109
3256,7.705999999999997
3257,17.296999999999997
3258,14.363
3259,7.262000000000003
3260,15.32799999999999
3261,17.36699999999999
3262,13.117999999999995
3263,11.619999999999997
3264,8.905999999999999
3265,3.154000000000001
3266,3.4090000000000016
3267,2.3240000000000007
3268,1.4309999999999992
3269,3.8150000000000013
3270,7.238000000000002
3271,17.678999999999995
3272,1.2400000000000004
3273,1.4709999999999994
3274,10.597999999999995
3275,9.486999999999998
3276,5.295999999999999
3277,8.769000000000002
3278,8.966000000000003
3279,9.815999999999992
3280,14.09
3281,2.4420000000000006
3282,1.8
3283,0.8949999999999997
3284,1.9560000000000002
3285,2.6820000000000004
3286,5.6949999999999985
3287,7.8199999999999985
3288,5.139999999999999
3289,2.244000000000001
3290,4.6690000000000005
3291,12.171000000000003
3292,5.057000000000001
3293,2.1290000000000004
3294,5.3400000000000025
3295,9.859999999999998
3296,7.237000000000004
3297,13.938999999999997
3298,9.157999999999998
3299,12.059000000000003
3300,4.174999999999999
3301,10.286000000000001
3302,11.543999999999997
3303,8.736999999999997
3304,2.563999999999999
3305,12.878999999999996
3306,16.034999999999997
3307,17.196999999999996
3308,14.868
3309,2.3399999999999994
3310,3.408000000000001
3311,8.381999999999994
3312,7.569
3313,4.641
3314,3.879000000000001
3315,1.6910000000000005
3316,3.3629999999999995
3317,1.8990000000000007
3318,5.880999999999999
3319,1.9990000000000003
3320,1.8630000000000007
3321,0.4930000000000001
3322,0.8010000000000004
3323,2.4380000000000015
3324,1.2080000000000004
3325,2.6629999999999994
3326,5.796
3327,10.678000000000003
3328,6.7509999999999994
3329,2.292
3330,0.655
3331,0.8239999999999996
3332,0.713
3333,2.488
3334,0.43700000000000006
3335,1.365
3336,7.562
3337,8.142000000000003
3338,13.931999999999995
3339,12.514999999999997
3340,16.142999999999994
3341,4.922999999999998
3342,5.227
3343,3.405000000000001
3344,1.6969999999999996
3345,12.320999999999994
3346,15.217
3347,5.666999999999999
3348,3.0499999999999994
3349,1.2070000000000005
3350,1.3030000000000002
3351,1.9029999999999998
3352,0.718
3353,0.5539999999999998
3354,0.703
3355,0.5989999999999998
3356,0.5519999999999999
3357,0.7570000000000001
3358,3.7599999999999976
3359,2.684
3360,2.8589999999999987
3361,3.3240000000000007
3362,4.987
3363,3.145
3364,13.191
3365,14.727999999999994
3366,22.805999999999994
3367,11.142999999999997
3368,32.05100000000001
3369,13.094999999999995
3370,3.437
3371,16.458
3372,16.249
3373,6.810999999999998
3374,14.879000000000001
3375,11.602999999999998
3376,3.6689999999999987
3377,2.9930000000000003
3378,1.76
3379,0.7449999999999996
3380,1.0759999999999998
3381,0.6520000000000001
3382,1.01
3383,3.4050000000000025
3384,8.898000000000003
3385,5.1370000000000005
3386,6.6770000000000005
3387,4.631999999999999
3388,4.606999999999998
3389,5.068999999999997
3390,2.81
3391,8.366000000000001
3392,14.432000000000002
3393,16.893999999999995
3394,4.039999999999999
3395,10.810000000000002
3396,6.392999999999997
3397,4.202000000000001
3398,5.76
3399,17.814999999999994
3400,4.272
3401,21.202999999999996
3402,13.710999999999999
3403,15.917999999999997
3404,10.958999999999994
3405,14.754999999999995
3406,17.47199999999999
3407,8.857000000000001
3408,9.143000000000002
3409,8.029000000000002
3410,5.718000000000001
3411,3.3720000000000026
3412,1.1160000000000003
3413,2.898
3414,1.757
3415,8.055999999999997
3416,17.683
3417,12.154999999999989
3418,3.739
3419,2.7480000000000007
3420,2.4940000000000007
3421,2.6450000000000014
3422,8.582
3423,19.732999999999983
3424,14.126000000000003
3425,11.343000000000004
3426,15.492000000000008
3427,14.694
3428,24.630999999999993
3429,31.258000000000003
3430,14.607000000000003
3431,11.432000000000002
3432,13.98399999999999
3433,21.519999999999992
3434,3.8529999999999998
3435,3.957000000000001
3436,10.437000000000001
3437,9.251
3438,12.493000000000002
3439,26.587999999999987
3440,26.180000000000014
3441,33.13999999999998
3442,15.516999999999996
3443,19.798000000000005
3444,5.623999999999999
3445,5.216999999999998
3446,2.907000000000001
3447,16.150999999999996
3448,7.685999999999999
3449,2.3620000000000014
3450,2.572000000000001
3451,3.575999999999999
3452,4.382
3453,2.2490000000000006
3454,2.471
3455,1.1299999999999994
3456,3.3350000000000017
3457,5.916000000000002
3458,7.484000000000002
3459,11.692000000000002
3460,5.106000000000001
3461,14.036000000000003
3462,13.500000000000002
3463,10.601
3464,26.147
3465,5.2239999999999975
3466,15.420000000000002
3467,18.404999999999994
3468,39.942
3469,38.686
3470,33.529999999999994
3471,14.235000000000005
3472,21.240999999999996
3473,17.850999999999996
3474,12.642999999999999
3475,4.914999999999999
3476,14.357999999999999
3477,12.047
3478,15.738999999999994
3479,13.931000000000004
3480,20.813999999999986
3481,25.052999999999994
3482,23.438000000000002
3483,32.92100000000001
3484,29.658000000000012
3485,19.550000000000008
3486,15.152999999999993
3487,18.361000000000004
3488,23.636999999999986
3489,21.148999999999997
3490,19.43399999999999
3491,9.063000000000002
3492,11.345
3493,24.03599999999999
3494,25.25700000000001
3495,13.750999999999992
3496,20.17499999999999
3497,9.716999999999995
3498,11.905999999999995
3499,29.65500000000002
3500,15.164999999999997
3501,21.14
3502,23.795999999999996
3503,21.14
3504,20.927999999999997
3505,23.177000000000003
3506,17.90700000000001
3507,17.858000000000008
3508,19.820999999999998
3509,29.33800000000001
3510,25.726999999999993
3511,27.07500000000001
3512,13.848999999999988
3513,25.304000000000002
3514,16.881
3515,24.249000000000006
3516,26.423000000000012
3517,24.802000000000003
3518,32.803
3519,43.883
3520,54.08099999999997
3521,30.325999999999986
3522,15.875999999999992
3523,23.094999999999995
3524,25.791999999999994
3525,20.84000000000001
3526,15.168999999999993
3527,20.927000000000003
3528,29.034000000000006
3529,31.385999999999996
3530,34.436
3531,16.387999999999998
3532,29.366000000000014
3533,17.016
3534,27.184000000000015
3535,23.813999999999997
3536,19.204
3537,16.297999999999995
3538,20.786999999999992
3539,21.200999999999993
3540,20.292999999999996
3541,20.337
3542,18.719000000000005
3543,17.841999999999995
3544,21.669000000000004
3545,36.774999999999984
3546,17.457999999999995
3547,18.594
3548,20.90000000000001
3549,29.381000000000004
3550,31.608999999999995
3551,15.978999999999994
3552,19.204
3553,36.94400000000001
3554,17.042999999999996
3555,23.819000000000003
3556,24.202999999999996
3557,18.463000000000008
3558,17.223999999999993
3559,14.091000000000001
3560,27.703999999999994
3561,19.451999999999995
3562,24.181999999999995
3563,28.311
3564,19.092000000000006
3565,15.209000000000003
3566,18.514
3567,30.381999999999984
3568,19.624
3569,21.51
3570,20.644000000000002
3571,18.944000000000006
3572,21.140000000000015
3573,36.966000000000015
3574,23.07399999999999
3575,18.901
3576,9.704000000000002
3577,11.64099999999999
3578,31.374000000000013
3579,29.586000000000002
3580,37.047
3581,29.101000000000003
3582,19.13199999999999
3583,27.783000000000005
3584,19.513000000000005
3585,20.890000000000004
3586,19.467
3587,25.296000000000006
3588,20.583999999999996
3589,19.879000000000005
3590,27.708999999999996
3591,19.19000000000001
3592,23.391000000000005
3593,18.097999999999992
3594,23.383999999999997
3595,21.026999999999997
3596,21.442000000000004
3597,16.932000000000002
3598,27.46100000000001
3599,32.39999999999999
3600,20.959000000000007
3601,26.584999999999994
3602,25.982
3603,15.920999999999998
3604,30.968000000000004
3605,13.148
3606,17.333000000000002
3607,7.197999999999997
3608,28.27999999999999
3609,7.772999999999997
3610,2.9419999999999997
3611,18.243000000000002
3612,36.321000000000005
3613,10.158999999999999
3614,26.079999999999988
3615,14.219
3616,13.698999999999996
3617,29.898999999999997
3618,24.137000000000004
3619,12.766999999999998
3620,6.721000000000003
3621,11.453999999999999
3622,11.248999999999997
3623,14.494999999999997
3624,21.83400000000001
3625,15.300000000000002
3626,19.869000000000007
3627,36.60799999999998
3628,20.39999999999999
3629,21.726000000000003
3630,19.433999999999997
3631,12.183000000000002
3632,3.7100000000000004
3633,11.264000000000003
3634,21.278
3635,5.993000000000003
3636,12.268999999999997
3637,20.085
3638,24.271000000000004
3639,18.318999999999996
3640,13.772000000000002
3641,29.744
3642,30.046000000000006
3643,23.59400000000001
3644,17.49999999999999
3645,14.175999999999998
3646,24.84700000000001
3647,19.443000000000012
3648,14.362000000000002
3649,26.655000000000005
3650,12.634000000000006
3651,18.788000000000007
3652,27.519999999999996
3653,25.566
3654,17.558
3655,13.401999999999992
3656,6.564999999999999
3657,6.654999999999997
3658,1.3999999999999995
3659,1.8200000000000003
3660,18.016000000000002
3661,12.081
3662,12.589000000000004
3663,22.825999999999993
3664,24.833000000000013
3665,31.873999999999995
3666,36.675999999999995
3667,34.934999999999995
3668,22.631999999999994
3669,24.837
3670,23.801000000000002
3671,21.035999999999994
3672,35.66900000000001
3673,28.22300000000001
3674,33.53800000000001
3675,36.161
3676,29.894999999999985
3677,19.383999999999997
3678,14.326999999999998
3679,17.099
3680,10.905
3681,6.281000000000001
3682,2.6910000000000003
3683,2.8270000000000004
3684,10.163999999999998
3685,11.698000000000002
3686,30.14100000000001
3687,31.182999999999996
3688,25.180000000000003
3689,17.282999999999994
3690,15.221000000000005
3691,21.418999999999997
3692,18.221000000000007
3693,18.349000000000004
3694,21.67800000000001
3695,21.047999999999988
3696,27.709000000000007
3697,20.23400000000001
3698,27.15600000000001
3699,18.403
3700,23.297000000000025
3701,24.729
3702,19.92900000000001
3703,25.926
3704,22.219000000000005
3705,16.288000000000007
3706,17.296000000000003
3707,14.862
3708,18.075
3709,20.468000000000004
3710,32.489000000000004
3711,29.033000000000015
3712,31.27900000000001
3713,20.388000000000005
3714,13.643999999999997
3715,10.380000000000003
3716,22.942000000000004
3717,20.45400000000001
3718,8.562999999999999
3719,20.418999999999993
3720,30.54799999999998
3721,34.90399999999999
3722,29.760000000000005
3723,36.574999999999996
3724,9.203999999999997
3725,20.786000000000016
3726,12.362000000000002
3727,25.458999999999996
3728,14.875999999999998
3729,17.729
3730,17.810000000000006
3731,14.505
3732,20.851
3733,27.826
3734,19.765000000000004
3735,22.303000000000008
3736,17.586999999999996
3737,18.114999999999995
3738,18.450999999999997
3739,26.587000000000007
3740,15.730999999999996
3741,17.152
3742,19.493000000000006
3743,20.508999999999997
3744,18.373000000000005
3745,18.92399999999999
3746,17.832
3747,16.276000000000007
3748,35.238
3749,13.685999999999995
3750,13.932999999999993
3751,10.638000000000007
3752,21.592
3753,34.16299999999998
3754,29.88900000000001
3755,20.363000000000003
3756,19.185000000000002
3757,16.04800000000001
3758,9.450000000000005
3759,20.284000000000006
3760,39.234999999999985
3761,15.527000000000001
3762,12.663000000000002
3763,12.129999999999997
3764,7.004000000000001
3765,13.253999999999998
3766,20.938999999999993
3767,20.686000000000003
3768,15.309000000000008
3769,24.302
3770,17.6
3771,14.188999999999998
3772,18.866999999999997
3773,16.911999999999995
3774,32.64700000000001
3775,5.053999999999997
3776,7.4719999999999995
3777,16.788
3778,19.073
3779,17.02399999999999
3780,17.986
3781,22.454
3782,16.751000000000005
3783,18.065
3784,14.801999999999998
3785,18.704
3786,14.872
3787,15.882999999999997
3788,16.169999999999995
3789,30.839000000000006
3790,16.666999999999998
3791,13.936999999999996
3792,23.086999999999993
3793,17.264
3794,9.303999999999997
3795,15.221000000000005
3796,20.697999999999993
3797,17.408999999999995
3798,18.153999999999993
3799,5.197000000000002
3800,15.986
3801,34.95500000000002
3802,15.573999999999998
3803,38.656
3804,25.412999999999997
3805,18.35099999999999
3806,24.736000000000004
3807,38.261
3808,38.721999999999994
3809,17.453
3810,20.604999999999997
3811,20.165
3812,19.33699999999999
3813,29.724000000000014
3814,23.926999999999992
3815,23.24
3816,15.235999999999995
3817,21.157999999999994
3818,32.86999999999998
3819,26.04799999999999
3820,16.960000000000008
3821,27.31600000000001
3822,19.167999999999996
3823,16.763999999999996
3824,44.43999999999999
3825,54.02899999999997
3826,6.552
3827,21.150000000000006
3828,22.733
3829,22.286000000000005
3830,21.195
3831,22.896
3832,29.964000000000002
3833,13.934999999999995
3834,26.661000000000012
3835,29.077000000000012
3836,30.175000000000004
3837,27.660000000000014
3838,12.587999999999996
3839,47.652
3840,34.756
3841,22.827999999999996
3842,24.55900000000001
3843,21.245999999999995
3844,27.535999999999994
3845,18.301
3846,16.024999999999995
3847,25.37100000000001
3848,32.83100000000001
3849,11.674999999999995
3850,27.40200000000001
3851,21.583
3852,18.06499999999999
3853,21.310000000000006
3854,21.22499999999999
3855,17.943000000000005
3856,12.694999999999999
3857,23.585000000000015
3858,18.802
3859,20.379000000000005
3860,17.139999999999993
3861,14.639999999999997
3862,16.579
3863,17.986999999999995
3864,17.228999999999996
3865,17.137999999999995
3866,27.43300000000001
3867,7.872999999999999
3868,9.489000000000003
3869,38.11999999999998
3870,18.85
3871,13.688999999999998
3872,9.095
3873,22.207000000000008
3874,27.302999999999997
3875,11.626
3876,16.429999999999996
3877,24.967999999999993
3878,16.41600000000001
3879,28.449999999999992
3880,35.95100000000001
3881,26.463
3882,17.986000000000004
3883,20.563000000000002
3884,21.551000000000002
3885,17.158000000000005
3886,19.485999999999994
3887,18.008000000000003
3888,22.52799999999999
3889,22.538000000000007
3890,25.82800000000001
3891,16.674
3892,28.47699999999999
3893,15.505999999999997
3894,17.238000000000003
3895,21.517000000000007
3896,21.037000000000013
3897,30.360000000000014
3898,19.043000000000003
3899,18.371
3900,19.306000000000004
3901,14.019999999999992
3902,5.655999999999999
3903,11.049000000000003
3904,13.511999999999995
3905,20.613000000000007
3906,20.468999999999998
3907,20.129000000000005
3908,19.15999999999999
3909,17.44300000000001
3910,23.302
3911,19.362
3912,17.717999999999996
3913,18.805999999999997
3914,31.77400000000002
3915,14.433000000000003
3916,16.31600000000001
3917,14.245999999999995
3918,14.92699999999999
3919,11.527999999999997
3920,12.455
3921,17.029
3922,18.644000000000002
3923,12.816
3924,13.008999999999997
3925,26.635999999999985
3926,33.59299999999999
3927,19.673
3928,20.846000000000004
3929,49.991000000000014
3930,11.341999999999995
3931,13.08
3932,20.278000000000002
3933,19.583999999999996
3934,12.088
3935,12.629000000000003
3936,23.717000000000002
3937,27.021000000000004
3938,17.747000000000003
3939,15.383000000000003
3940,2.7640000000000002
3941,28.293000000000003
3942,35.495
3943,17.915999999999993
3944,15.706999999999994
3945,14.845999999999997
3946,21.104000000000006
3947,25.039
3948,23.612999999999996
3949,20.196
3950,30.11500000000001
3951,24.31000000000001
3952,23.281000000000002
3953,18.251
3954,13.597999999999988
3955,16.875000000000004
3956,21.227000000000004
3957,20.500999999999994
3958,26.336
3959,18.852999999999998
3960,19.444999999999997
3961,1.3880000000000001
3962,0.997
3963,8.073
3964,4.822
3965,1.861
3966,0.12600000000000006
3967,1.646
3968,7.271
3969,37.871999999999986
3970,0.9599999999999999
3971,0.318
3972,0.3030000000000001
3973,0.382
3974,1.6119999999999988
3975,1.5989999999999998
3976,0.026000000000000002
3977,27.912000000000003
3978,0.15300000000000002
3979,0.001
3980,0.543
3981,1.9930000000000003
3982,5.096999999999998
3983,0.10899999999999999
3984,19.506
3985,5.954000000000002
3986,5.993
3987,0.02900000000000001
3988,0.69
3989,0.9220000000000003
3990,1.5200000000000002
3991,1.158
3992,0.005
3993,0.39199999999999996
3994,0.6309999999999998
3995,0.6459999999999999
3996,0.043
3997,0.01
3998,4.029000000000001
3999,4.746999999999997
4000,0.018
4001,0.7979999999999999
4002,3.8529999999999998
4003,1.2590000000000006
4004,1.068
4005,0.021000000000000005
4006,0.9269999999999996
4007,1.085
4008,4.056999999999999
4009,0.043
4010,0.5110000000000001
4011,1.2029999999999992
4012,15.805000000000009
4013,11.299999999999997
4014,2.345
4015,0.044000000000000004
4016,0.033
4017,0.0
4018,0.8469999999999996
4019,1.876
4020,24.77499999999999
4021,1.0320000000000003
4022,4.422999999999998
4023,0.7529999999999998
4024,5.249999999999999
4025,6.235000000000001
4026,1.1209999999999998
4027,1.568
4028,0.4990000000000002
4029,0.0030000000000000005
4030,2.244
4031,7.228999999999997
4032,0.113
4033,0.009000000000000001
4034,0.7530000000000001
4035,2.0140000000000002
4036,2.1580000000000004
4037,5.439999999999999
4038,1.5919999999999996
4039,3.4320000000000004
4040,63.38099999999996
4041,30.401000000000003
4042,2.99
4043,2.864999999999999
4044,0.24499999999999997
4045,0.03400000000000001
4046,9.527000000000006
4047,3.834999999999999
4048,6.024999999999997
4049,3.210999999999999
4050,0.046
4051,3.8790000000000004
4052,1.827999999999999
4053,19.90099999999999
4054,7.127000000000001
4055,4.004
4056,2.1039999999999988
4057,0.24500000000000002
4058,6.153000000000002
4059,0.6379999999999999
4060,8.878000000000004
4061,5.655000000000001
4062,3.9719999999999978
4063,3.082999999999999
4064,2.551999999999999
4065,5.681999999999997
4066,3.9019999999999984
4067,2.143000000000001
4068,1.7399999999999993
4069,2.4579999999999997
4070,5.365999999999999
4071,2.862
4072,4.495000000000001
4073,16.775
4074,2.039
4075,1.2509999999999992
4076,1.827
4077,2.4690000000000007
4078,7.2550000000000034
4079,1.2480000000000004
4080,4.715000000000001
4081,3.589999999999999
4082,9.032
4083,1.811
4084,9.295000000000002
4085,1.0359999999999996
4086,0.14800000000000002
4087,0.26500000000000007
4088,0.5860000000000001
4089,0.09299999999999999
4090,0.017
4091,2.518
4092,11.106999999999998
4093,4.772
4094,0.2670000000000002
4095,0.715
4096,2.035000000000001
4097,0.752
4098,6.239000000000003
4099,0.059000000000000004
4100,0.009999999999999998
4101,1.332
4102,1.2399999999999998
4103,0.3170000000000002
4104,0.004
4105,0.009000000000000001
4106,0.012000000000000002
4107,0.006999999999999999
4108,0.0
4109,0.0
4110,0.6859999999999999
4111,0.03600000000000002
4112,0.004000000000000001
4113,0.132
4114,0.174
4115,0.36500000000000005
4116,0.048
4117,0.009999999999999998
4118,0.016
4119,0.5820000000000003
4120,0.3970000000000001
4121,0.020000000000000004
4122,0.037000000000000026
4123,10.118
4124,11.003000000000002
4125,1.7279999999999995
4126,5.799999999999998
4127,1.699
4128,2.065
4129,0.06399999999999993
4130,0.02800000000000001
4131,0.013000000000000001
4132,0.002
4133,0.004000000000000001
4134,0.5010000000000003
4135,0.02500000000000001
4136,0.5590000000000005
4137,1.5389999999999997
4138,1.463
4139,0.020000000000000004
4140,0.014000000000000002
4141,0.004
4142,0.0
4143,0.0
4144,0.0
4145,0.008
4146,0.002
4147,0.001
4148,0.002
4149,0.014000000000000002
4150,0.013000000000000001
4151,0.001
4152,0.001
4153,0.017000000000000005
4154,0.03800000000000002
4155,0.0
4156,0.066
4157,0.021000000000000005
4158,0.006
4159,0.013000000000000003
4160,0.008
4161,0.11499999999999996
4162,1.1179999999999994
4163,2.9950000000000006
4164,0.096
4165,0.001
4166,0.009000000000000001
4167,0.015
4168,0.2900000000000001
4169,0.217
4170,0.061999999999999986
4171,1.682
4172,0.009999999999999998
4173,0.7489999999999998
4174,0.034
4175,7.2159999999999975
4176,0.044000000000000004
4177,0.3570000000000001
4178,0.15599999999999997
4179,0.0
4180,0.091
4181,1.3189999999999997
4182,0.8819999999999999
4183,0.4730000000000002
4184,0.35100000000000003
4185,11.943000000000007
4186,4.379999999999998
4187,0.539
4188,0.024000000000000004
4189,1.526999999999999
4190,0.102
4191,0.022000000000000006
4192,0.5220000000000004
4193,2.238999999999999
4194,0.9729999999999999
4195,1.9049999999999998
4196,14.258
4197,4.274999999999999
4198,0.7520000000000003
4199,0.004
4200,1.3719999999999992
4201,0.3
4202,0.16799999999999998
4203,0.35999999999999993
4204,0.04300000000000001
4205,0.04800000000000001
4206,0.042
4207,1.8459999999999992
4208,0.5710000000000001
4209,0.7190000000000001
4210,2.0099999999999993
4211,1.891000000000001
4212,0.02
4213,2.0300000000000002
4214,5.156999999999998
4215,0.32699999999999996
4216,0.7750000000000001
4217,0.001
4218,0.8500000000000001
4219,6.742000000000001
4220,0.045
4221,0.010000000000000002
4222,0.001
4223,3.0070000000000006
4224,0.217
4225,0.741
4226,0.15
4227,2.2909999999999995
4228,3.818999999999998
4229,0.264
4230,0.35600000000000004
4231,0.27899999999999997
4232,4.389999999999997
4233,1.7369999999999997
4234,2.0460000000000007
4235,3.938
4236,0.2
4237,0.001
4238,2.156
4239,1.6629999999999994
4240,0.3930000000000001
4241,0.0
4242,0.019000000000000003
4243,0.456
4244,13.097000000000005
4245,3.3489999999999993
4246,0.7809999999999999
4247,0.017
4248,0.5320000000000001
4249,0.017
4250,1.5889999999999995
4251,0.769
4252,0.7800000000000002
4253,1.9139999999999997
4254,2.3829999999999982
4255,0.20999999999999996
4256,0.024000000000000004
4257,0.044000000000000004
4258,23.200000000000003
4259,12.690999999999995
4260,2.0640000000000005
4261,0.047000000000000014
4262,11.473999999999995
4263,6.769000000000001
4264,4.321000000000001
4265,2.204
4266,0.08900000000000001
4267,0.12299999999999997
4268,0.125
4269,0.15399999999999997
4270,0.10000000000000002
4271,0.6720000000000002
4272,1.1930000000000003
4273,2.8760000000000012
4274,0.008
4275,1.3170000000000002
4276,0.006999999999999999
4277,1.469000000000001
4278,21.801
4279,7.616999999999998
4280,1.399
4281,4.1
4282,1.0059999999999996
4283,0.222
4284,1.0530000000000002
4285,22.03100000000001
4286,23.241999999999997
4287,0.42599999999999993
4288,1.3140000000000003
4289,7.116000000000002
4290,16.07400000000001
4291,29.128999999999998
4292,1.1170000000000002
4293,6.611999999999998
4294,0.3539999999999999
4295,8.114999999999995
4296,7.100000000000002
4297,1.5599999999999992
4298,0.5290000000000002
4299,0.027000000000000003
4300,0.5190000000000002
4301,6.315999999999999
4302,3.2350000000000008
4303,11.615
4304,14.008000000000006
4305,1.1960000000000004
4306,2.29
4307,3.2590000000000003
4308,12.979
4309,2.1719999999999997
4310,3.6379999999999995
4311,8.9
4312,0.175
4313,1.144
4314,17.126
4315,2.014999999999999
4316,0.149
4317,2.43
4318,0.6000000000000002
4319,0.18900000000000003
4320,0.8640000000000002
4321,0.16899999999999998
4322,5.167999999999998
4323,21.506
4324,5.484
4325,0.14800000000000002
4326,0.066
4327,0.45800000000000024
4328,0.3
4329,3.0269999999999997
4330,16.061000000000007
4331,9.668999999999999
4332,10.026
4333,2.090999999999999
4334,4.0280000000000005
4335,1.22
4336,9.815999999999997
4337,13.350000000000007
4338,22.98399999999999
4339,0.44900000000000007
4340,8.226999999999999
4341,1.3130000000000004
4342,11.393999999999997
4343,0.027000000000000003
4344,1.1740000000000006
4345,14.636000000000006
4346,0.7440000000000002
4347,0.45500000000000024
4348,3.694000000000001
4349,9.998999999999997
4350,1.2129999999999999
4351,0.48000000000000026
4352,8.321
4353,34.688999999999986
4354,5.779999999999998
4355,0.07300000000000001
4356,0.13699999999999998
4357,0.025000000000000005
4358,23.881000000000004
4359,2.6910000000000003
4360,0.172
4361,0.0
4362,0.0
4363,0.0
4364,0.011
4365,1.6849999999999994
4366,1.6510000000000005
4367,0.13299999999999998
4368,0.5480000000000002
4369,3.2529999999999997
4370,4.606000000000001
4371,20.320000000000004
4372,20.345000000000006
4373,4.962999999999999
4374,0.038
4375,0.04300000000000001
4376,32.695
4377,11.290999999999999
4378,0.3370000000000001
4379,0.8119999999999998
4380,0.05099999999999999
4381,0.034
4382,0.07699999999999999
4383,0.025
4384,0.025
4385,0.5670000000000001
4386,2.333
4387,19.961000000000006
4388,3.4259999999999984
4389,2.7879999999999994
4390,1.0900000000000003
4391,1.2399999999999998
4392,1.274
4393,28.040000000000006
4394,7.714000000000007
4395,0.002
4396,0.013000000000000001
4397,0.215
4398,4.4350000000000005
4399,5.706000000000002
4400,3.7389999999999985
4401,2.7199999999999993
4402,1.9129999999999996
4403,1.2529999999999997
4404,0.5250000000000002
4405,0.503
4406,2.873
4407,2.683999999999999
4408,0.017
4409,1.2470000000000003
4410,2.3949999999999996
4411,2.356
4412,2.3590000000000013
4413,0.04800000000000001
4414,1.5989999999999998
4415,1.2080000000000004
4416,3.9279999999999986
4417,2.7
4418,1.8619999999999997
4419,1.7449999999999994
4420,0.791
4421,1.6900000000000004
4422,1.1260000000000006
4423,0.32099999999999995
4424,0.03000000000000001
4425,0.7970000000000002
4426,18.088000000000005
4427,3.213999999999999
4428,5.827999999999999
4429,5.616999999999998
4430,3.3689999999999993
4431,3.4990000000000006
4432,2.1109999999999998
4433,2.9449999999999985
4434,13.33200000000001
4435,2.447
4436,1.3569999999999993
4437,1.9599999999999989
4438,1.3360000000000003
4439,3.925999999999998
4440,2.097
4441,3.9139999999999997
4442,16.121000000000002
4443,2.172
4444,0.155
4445,0.13799999999999996
4446,1.9139999999999993
4447,0.4400000000000003
4448,0.037000000000000005
4449,0.27399999999999997
4450,1.3410000000000002
4451,0.09899999999999995
4452,0.5430000000000003
4453,1.6780000000000004
4454,0.059
4455,0.8579999999999995
4456,7.780999999999997
4457,0.19700000000000004
4458,0.5750000000000001
4459,0.261
4460,0.261
4461,0.26300000000000007
4462,0.038
4463,0.013000000000000001
4464,0.02700000000000001
4465,3.1520000000000006
4466,0.6520000000000001
4467,1.5259999999999991
4468,0.0
4469,0.0
4470,0.0030000000000000005
4471,0.027999999999999997
4472,0.001
4473,0.15
4474,1.9939999999999996
4475,1.5
4476,0.0
4477,0.353
4478,4.262
4479,5.082999999999999
4480,2.812
4481,1.6779999999999986
4482,0.43200000000000005
4483,0.002
4484,2.12
4485,5.3229999999999995
4486,0.018000000000000002
4487,0.4340000000000001
4488,4.331
4489,5.353000000000001
4490,2.8480000000000008
4491,2.734000000000001
4492,7.1229999999999976
4493,0.078
4494,0.05399999999999999
4495,0.261
4496,0.05600000000000001
4497,0.076
4498,0.6830000000000004
4499,0.008
4500,0.0
4501,0.0
4502,0.0
4503,0.0
4504,0.0
4505,0.0
4506,0.0
4507,0.43000000000000016
4508,0.09
4509,0.39800000000000013
4510,0.085
4511,0.084
4512,0.0
4513,0.086
4514,0.085
4515,0.0
4516,0.0
4517,0.0
4518,0.084
4519,0.0
4520,0.084
4521,0.084
4522,0.084
4523,0.085
4524,0.08900000000000001
4525,0.162
4526,0.10099999999999999
4527,0.23099999999999998
4528,0.11899999999999998
4529,0.085
4530,0.086
4531,0.0
4532,0.084
4533,0.084
4534,0.105
4535,0.11499999999999998
4536,0.14400000000000002
4537,0.4290000000000002
4538,0.2979999999999998
4539,0.084
4540,0.091
4541,0.087
4542,0.094
4543,0.37300000000000016
4544,0.144
4545,0.084
4546,0.0
4547,0.0
4548,0.0
4549,0.0
4550,0.084
4551,0.084
4552,0.084
4553,0.084
4554,0.0
4555,0.084
4556,0.084
4557,0.0020000000000000005
4558,0.0
4559,0.0
4560,0.0
4561,0.0030000000000000005
4562,0.0
4563,0.0
4564,0.0
4565,0.085
4566,0.084
4567,0.0
4568,0.0
4569,0.0
4570,0.084
4571,0.084
4572,0.084
4573,0.0
4574,0.0
4575,0.084
4576,0.0
4577,0.0
4578,0.084
4579,0.0
4580,0.024000000000000004
4581,0.084
4582,0.084
4583,0.084
4584,0.0
4585,0.084
4586,0.084
4587,0.084
4588,0.084
4589,0.084
4590,0.084
4591,0.084
4592,0.084
4593,0.084
4594,0.084
4595,0.0
4596,0.0
4597,0.084
4598,0.084
4599,0.084
4600,0.084
4601,0.084
4602,0.084
4603,0.084
4604,0.084
4605,0.084
4606,2.014999999999999
4607,0.165
4608,0.158
4609,0.087
4610,0.05000000000000002
4611,0.084
4612,0.084
4613,0.0
4614,0.084
4615,0.084
4616,0.084
4617,0.084
4618,0.084
4619,0.084
4620,0.0
4621,0.0
4622,0.0
4623,0.084
4624,0.084
4625,0.084
4626,0.0
4627,0.0
4628,0.07400000000000001
4629,0.084
4630,0.084
4631,0.084
4632,0.084
4633,0.0
4634,0.084
4635,0.0
4636,0.084
4637,0.084
4638,0.084
4639,0.084
4640,0.084
4641,0.0
4642,0.0
4643,0.0030000000000000005
4644,0.0030000000000000005
4645,0.084
4646,0.084
4647,0.084
4648,0.084
4649,0.085
4650,0.084
4651,0.084
4652,0.084
4653,0.084
4654,0.084
4655,0.084
4656,0.084
4657,0.0
4658,0.0030000000000000005
4659,0.0
4660,0.084
4661,0.084
4662,0.084
4663,0.084
4664,0.084
4665,0.0
4666,0.0
4667,0.0
4668,0.084
4669,0.0
4670,0.0
4671,0.084
4672,0.087
4673,0.0
4674,0.0
4675,0.0
4676,0.0
4677,0.0
4678,0.0
4679,0.084
4680,0.084
4681,0.0
4682,0.084
4683,0.084
4684,0.084
4685,0.0030000000000000005
4686,0.084
4687,0.06
4688,0.084
4689,0.084
4690,0.084
4691,0.085
4692,0.09
4693,0.085
4694,0.088
4695,0.08900000000000001
4696,0.085
4697,0.084
4698,0.084
4699,0.084
4700,0.084
4701,0.084
4702,0.084
4703,0.084
4704,0.084
4705,0.084
4706,0.0
4707,0.084
4708,6.726000000000002
4709,0.0
4710,0.0
4711,0.085
4712,0.084
4713,0.084
4714,0.003
4715,0.0
4716,0.0
4717,0.0030000000000000005
4718,0.0
4719,0.013000000000000001
4720,0.0
4721,0.0
4722,0.0
4723,0.01
4724,0.0
4725,0.0
4726,0.0
4727,0.0
4728,0.0
4729,0.005
4730,0.0
4731,0.0
4732,0.0
4733,0.0
4734,0.006
4735,0.011000000000000001
4736,0.0
4737,0.0
4738,0.0
4739,0.001
4740,0.001
4741,0.001
4742,0.008
4743,0.23600000000000002
4744,0.001
4745,0.0
4746,0.0
4747,0.0
4748,0.0
4749,0.0
4750,0.001
4751,0.0030000000000000005
4752,0.0
4753,0.0030000000000000005
4754,0.001
4755,0.35100000000000003
4756,0.012
4757,0.005
4758,0.10499999999999994
4759,0.06199999999999997
4760,0.008
4761,0.0
4762,0.006000000000000001
4763,0.08199999999999999
4764,0.04000000000000001
4765,0.09999999999999998
4766,0.0
4767,0.0
4768,0.006
4769,0.04499999999999999
4770,0.002
4771,0.0
4772,0.014000000000000002
4773,0.017
4774,0.25000000000000006
4775,5.577000000000001
4776,0.02
4777,0.004
4778,0.002
4779,0.027000000000000003
4780,0.0030000000000000005
4781,0.0
4782,0.005
4783,0.096
4784,0.0
4785,0.0
4786,0.072
4787,1.025
4788,0.17799999999999996
4789,0.0
4790,0.0
4791,0.007000000000000002
4792,0.08600000000000002
4793,0.31500000000000006
4794,0.0
4795,0.016
4796,0.0
4797,0.005000000000000001
4798,0.0
4799,2.1830000000000003
4800,7.117000000000001
4801,0.0
4802,0.072
4803,0.025
4804,0.003
4805,0.43300000000000005
4806,0.033
4807,0.198
4808,0.002
4809,0.811
4810,2.8139999999999996
4811,0.519
4812,0.127
4813,0.0
4814,0.075
4815,0.0
4816,0.001
4817,0.5380000000000001
4818,2.6069999999999998
4819,3.240000000000001
4820,4.609
4821,0.33199999999999996
4822,0.0
4823,0.27099999999999996
4824,0.0
4825,0.0
4826,0.001
4827,0.006000000000000001
4828,0.0
4829,0.0
4830,0.0
4831,0.0
4832,0.0
4833,0.0
4834,0.0
4835,0.016
4836,0.016
4837,0.0
4838,0.001
4839,0.8899999999999999
4840,3.592
4841,4.585
4842,1.8410000000000002
4843,0.07499999999999998
4844,0.085
4845,1.737
4846,0.7020000000000001
4847,0.0
4848,0.0
4849,0.030000000000000006
4850,0.0
4851,0.359
4852,0.04300000000000001
4853,0.0
4854,0.0020000000000000005
4855,0.0020000000000000005
4856,0.038000000000000006
4857,0.006999999999999999
4858,0.0
4859,0.02
4860,0.22700000000000004
4861,6.681999999999997
4862,5.153
4863,7.473999999999998
4864,5.186
4865,2.813999999999999
4866,2.771999999999999
4867,0.107
4868,0.168
4869,4.760000000000002
4870,4.176999999999999
4871,1.860999999999999
4872,3.0069999999999992
4873,0.5300000000000001
4874,12.081000000000001
4875,6.789999999999997
4876,0.0
4877,0.08800000000000001
4878,0.11
4879,0.086
4880,0.085
4881,0.084
4882,0.027000000000000003
4883,0.085
4884,0.091
4885,0.6310000000000003
4886,0.4890000000000001
4887,0.09499999999999999
4888,0.032
4889,0.0
4890,0.0
4891,0.084
4892,0.084
4893,0.084
4894,0.084
4895,0.084
4896,0.0
4897,0.0
4898,0.0
4899,0.020999999999999998
4900,0.0
4901,0.084
4902,0.158
4903,0.084
4904,0.9820000000000004
4905,0.6170000000000004
4906,0.084
4907,0.084
4908,0.0
4909,0.0
4910,0.084
4911,0.088
4912,0.38600000000000007
4913,0.084
4914,0.084
4915,0.0
4916,0.084
4917,0.084
4918,0.004
4919,0.084
4920,0.084
4921,0.084
4922,0.084
4923,0.084
4924,0.084
4925,0.084
4926,0.086
4927,0.084
4928,0.084
4929,0.0
4930,0.0
4931,0.0030000000000000005
4932,0.084
4933,0.095
4934,0.087
4935,0.084
4936,0.084
4937,0.084
4938,0.004
4939,0.0
4940,0.087
4941,0.084
4942,0.084
4943,0.084
4944,0.084
4945,0.084
4946,0.084
4947,0.084
4948,0.084
4949,0.02
4950,0.08900000000000001
4951,0.005
4952,1.1569999999999998
4953,0.084
4954,0.086
4955,0.088
4956,0.087
4957,0.084
4958,0.086
4959,0.084
4960,0.084
4961,0.084
4962,0.084
4963,0.084
4964,0.084
4965,0.084
4966,0.084
4967,0.084
4968,0.084
4969,0.084
4970,0.084
4971,0.0
